maincategory,subcategory,category,link,alt_link,iteration,qid,ref
0,"tv, audio & cameras",Televisions,https://www.amazon.in/gp/browse.html?node=1389396031&ref_=nav_em_sbc_tvelec_television_0_2_9_2,https://www.amazon.in/s?rh=n%3A1389396031&fs=true,46,1678609818,sr_pg_1
0,"tv, audio & cameras",Home Entertainment Systems,https://www.amazon.in/gp/browse.html?node=1389375031&ref_=nav_em_sbc_tvelec_home_ent_0_2_9_3,https://www.amazon.in/s?rh=n%3A1389375031&fs=true,400,1678609821,sr_pg_1
0,"tv, audio & cameras",Headphones,https://www.amazon.in/gp/browse.html?node=1388921031&ref_=nav_em_sbc_tvelec_headphones_0_2_9_4,https://www.amazon.in/s?rh=n%3A1388921031&fs=true,400,1678609823,sr_pg_1
0,"tv, audio & cameras",Speakers,https://www.amazon.in/gp/browse.html?node=1389365031&ref_=nav_em_sbc_tvelec_speakers_0_2_9_5,https://www.amazon.in/s?rh=n%3A1389365031&fs=true,400,1678609825,sr_pg_1
0,"tv, audio & cameras",Home Audio & Theater,https://www.amazon.in/gp/browse.html?node=1389387031&ref_=nav_em_sbc_tvelec_homeaud_all_0_2_9_6,https://www.amazon.in/s?rh=n%3A1389387031&fs=true,18,1678609827,sr_pg_1
0,"tv, audio & cameras",Cameras,https://www.amazon.in/gp/browse.html?node=1388977031&ref_=nav_em_sbc_tvelec_cameras_0_2_9_7,https://www.amazon.in/s?rh=n%3A1388977031&fs=true,400,1678609830,sr_pg_1
0,"tv, audio & cameras",DSLR Cameras,https://www.amazon.in/gp/browse.html?node=1389177031&ref_=nav_em_sbc_tvelec_dslr_0_2_9_8,https://www.amazon.in/s?rh=n%3A1389177031&fs=true,0,,
0,"tv, audio & cameras",Security Cameras,https://www.amazon.in/gp/browse.html?node=1389203031&ref_=nav_em_sbc_tvelec_security_0_2_9_9,https://www.amazon.in/s?rh=n%3A1389203031&fs=true,400,1678609832,sr_pg_1
0,"tv, audio & cameras",Camera Accessories,https://www.amazon.in/gp/browse.html?node=1388978031&ref_=nav_em_sbc_tvelec_cam_acc_0_2_9_10,https://www.amazon.in/s?rh=n%3A1388978031&fs=true,400,1678609836,sr_pg_1
0,"tv, audio & cameras",Musical Instruments & Professional Audio,https://www.amazon.in/gp/browse.html?node=3677697031&ref_=nav_em_sbc_tvelec_musical_inst_0_2_9_11,https://www.amazon.in/s?rh=n%3A3677697031&fs=true,400,1678609837,sr_pg_1
0,"tv, audio & cameras",Gaming Consoles,https://www.amazon.in/gp/browse.html?node=4092115031&ref_=nav_em_sbc_tvelec_gaming_consoles_0_2_9_12,https://www.amazon.in/s?rh=n%3A4092115031&fs=true,10,1678609840,sr_pg_1
0,"tv, audio & cameras",All Electronics,https://www.amazon.in/gp/browse.html?node=976419031&ref_=nav_em_sbc_tvelec_all_elec_0_2_9_13,https://www.amazon.in/s?rh=n%3A976419031&fs=true,400,1678609842,sr_pg_1
0,appliances,Air Conditioners,https://www.amazon.in/gp/browse.html?node=3474656031&ref_=nav_em_sbc_tvelec_ac_0_2_9_15,https://www.amazon.in/s?rh=n%3A3474656031&fs=true,30,1678609844,sr_pg_1
0,appliances,Refrigerators,https://www.amazon.in/gp/browse.html?node=1380365031&ref_=nav_em_sbc_tvelec_fridges_0_2_9_16,https://www.amazon.in/s?rh=n%3A1380365031&fs=true,90,1678609846,sr_pg_1
0,appliances,Washing Machines,https://www.amazon.in/gp/browse.html?node=1380369031&ref_=nav_em_sbc_tvelec_washing_machine_0_2_9_17,https://www.amazon.in/s?rh=n%3A1380369031&fs=true,60,1678609848,sr_pg_1
0,appliances,Kitchen & Home Appliances,https://www.amazon.in/gp/browse.html?node=4951860031&ref_=nav_em_sbc_tvelec_kitchen_appliances_0_2_9_18,https://www.amazon.in/s?rh=n%3A4951860031&fs=true,400,1678609850,sr_pg_1
0,appliances,Heating & Cooling Appliances,https://www.amazon.in/gp/browse.html?node=2083423031&ref_=nav_em_sbc_tvelec_heating_appl_0_2_9_19,https://www.amazon.in/s?rh=n%3A2083423031&fs=true,400,1678609852,sr_pg_1
0,appliances,All Appliances,https://www.amazon.in/gp/browse.html?node=5122348031&ref_=nav_em_sbc_tvelec_all_appliance_0_2_9_20,https://www.amazon.in/s?rh=n%3A5122348031&fs=true,400,1678609855,sr_pg_1
1,men's clothing,Clothing,https://www.amazon.in/gp/browse.html?node=1968024031&ref_=nav_em_sbc_mfashion_clothing_0_2_10_2,https://www.amazon.in/s?rh=n%3A1968024031&fs=true,400,1678609857,sr_pg_1
1,men's clothing,T-shirts & Polos,https://www.amazon.in/gp/browse.html?node=1968120031&ref_=nav_em_sbc_mfashion_tshirts_0_2_10_3,https://www.amazon.in/s?rh=n%3A1968120031&fs=true,400,1678609860,sr_pg_1
1,men's clothing,Shirts,https://www.amazon.in/gp/browse.html?node=1968093031&ref_=nav_em_sbc_mfashion_shirts_0_2_10_4,https://www.amazon.in/s?rh=n%3A1968093031&fs=true,400,1678609863,sr_pg_1
1,men's clothing,Jeans,https://www.amazon.in/gp/browse.html?node=1968076031&ref_=nav_em_sbc_mfashion_jeans_0_2_10_5,https://www.amazon.in/s?rh=n%3A1968076031&fs=true,400,1678609866,sr_pg_1
1,men's clothing,Innerwear,https://www.amazon.in/gp/browse.html?node=1968126031&ref_=nav_em_sbc_mfashion_innerwear_0_2_10_6,https://www.amazon.in/s?rh=n%3A1968126031&fs=true,400,1678609869,sr_pg_1
1,accessories,Watches,https://www.amazon.in/gp/browse.html?node=2563504031&ref_=nav_em_sbc_mfashion_watches_0_2_10_8,https://www.amazon.in/s?rh=n%3A2563504031&fs=true,400,1678609871,sr_pg_1
1,accessories,Bags & Luggage,https://www.amazon.in/gp/browse.html?node=2454169031&ref_=nav_em_sbc_mfashion_bags_0_2_10_9,https://www.amazon.in/s?rh=n%3A2454169031&fs=true,400,1678609874,sr_pg_1
1,accessories,Sunglasses,https://www.amazon.in/gp/browse.html?node=1968036031&ref_=nav_em_sbc_mfashion_sunglasses_0_2_10_10,https://www.amazon.in/s?rh=n%3A1968036031&fs=true,400,1678609877,sr_pg_1
1,accessories,Jewellery,https://www.amazon.in/gp/browse.html?node=7124359031&ref_=nav_em_sbc_mfashion_jewelry_0_2_10_11,https://www.amazon.in/s?rh=n%3A7124359031&fs=true,400,1678609879,sr_pg_1
1,accessories,Wallets,https://www.amazon.in/gp/browse.html?node=2917496031&ref_=nav_em_sbc_mfashion_wallets_0_2_10_12,https://www.amazon.in/s?rh=n%3A2917496031&fs=true,400,1678609882,sr_pg_1
1,men's shoes,Shoes,https://www.amazon.in/gp/browse.html?node=1983518031&ref_=nav_em_sbc_mfashion_shoes_0_2_10_14,https://www.amazon.in/s?rh=n%3A1983518031&fs=true,400,1678609885,sr_pg_1
1,men's shoes,Sports Shoes,https://www.amazon.in/gp/browse.html?node=1983519031&ref_=nav_em_sbc_mfashion_sportshoes_0_2_10_15,https://www.amazon.in/s?rh=n%3A1983519031&fs=true,400,1678609888,sr_pg_1
1,men's shoes,Formal Shoes,https://www.amazon.in/gp/browse.html?node=1983572031&ref_=nav_em_sbc_mfashion_formalshoes_0_2_10_16,https://www.amazon.in/s?rh=n%3A1983572031&fs=true,400,1678609891,sr_pg_1
1,men's shoes,Casual Shoes,https://www.amazon.in/gp/browse.html?node=9780814031&ref_=nav_em_sbc_mfashion_casualshoes_0_2_10_17,https://www.amazon.in/s?rh=n%3A9780814031&fs=true,400,1678609894,sr_pg_1
1,stores,Sportswear,https://www.amazon.in/gp/browse.html?node=12456568031&ref_=nav_em_sbc_mfashion_sportswear_0_2_10_19,https://www.amazon.in/s?rh=n%3A12456568031&fs=true,300,1678609897,sr_pg_1
1,stores,The Designer Boutique,https://www.amazon.in/gp/browse.html?node=6172354031&ref_=nav_em_sbc_mfashion_designerstore_0_2_10_20,https://www.amazon.in/s?rh=n%3A6172354031&fs=true,400,1678609900,sr_pg_1
1,stores,Men's Fashion,https://www.amazon.in/gp/browse.html?node=7459781031&ref_=nav_em_sbc_mfashion_all_0_2_10_21,https://www.amazon.in/s?rh=n%3A7459781031&fs=true,400,1678609902,sr_pg_1
1,stores,Amazon Fashion,https://www.amazon.in/gp/browse.html?node=6648217031&ref_=nav_em_sbc_mfashion_af_0_2_10_22,https://www.amazon.in/s?rh=n%3A6648217031&fs=true,400,1678609904,sr_pg_1
1,stores,Men's Handlooms,https://www.amazon.in/gp/browse.html?node=11969751031&ref_=nav_em_sbc_mfashion_handloom_0_2_10_23,https://www.amazon.in/s?rh=n%3A11969751031&fs=true,0,,
1,stores,Fashion Sales & Deals,https://www.amazon.in/gp/browse.html?node=4188827031&ref_=nav_em_sbc_mfashion_sales_deals_0_2_10_24,https://www.amazon.in/s?rh=n%3A4188827031&fs=true,12,1678609907,sr_pg_1
2,women's clothing,Clothing,https://www.amazon.in/gp/browse.html?node=1953602031&ref_=nav_em_sbc_wfashion_clothing_0_2_11_2,https://www.amazon.in/s?rh=n%3A1953602031&fs=true,400,1678609910,sr_pg_1
2,women's clothing,Western Wear,https://www.amazon.in/gp/browse.html?node=11400137031&ref_=nav_em_sbc_wfashion_western_0_2_11_3,https://www.amazon.in/s?rh=n%3A11400137031&fs=true,400,1678609913,sr_pg_1
2,women's clothing,Ethnic Wear,https://www.amazon.in/gp/browse.html?node=1968253031&ref_=nav_em_sbc_wfashion_ethnic_0_2_11_4,https://www.amazon.in/s?rh=n%3A1968253031&fs=true,400,1678609916,sr_pg_1
2,women's clothing,Lingerie & Nightwear,https://www.amazon.in/gp/browse.html?node=11400136031&ref_=nav_em_sbc_wfashion_lingerie_0_2_11_5,https://www.amazon.in/s?rh=n%3A11400136031&fs=true,400,1678609919,sr_pg_1
2,women's clothing,Top Brands,https://www.amazon.in/s?bbn=1953602031&lo=apparel&rh=i%3Aapparel%2Cn%3A1571271031%2Cn%3A%211571272031%2Cn%3A1953602031%2Ck%3A-sunglass%20-eye%2Cp_98%3A10440597031%2Cp_n_feature_nineteen_browse-bin%3A11301357031&ref_=nav_em_sbc_wfashion_topbrands_0_2_11_6,,0,,
2,accessories,Watches,https://www.amazon.in/gp/browse.html?node=2563505031&ref_=nav_em_sbc_wfashion_watches_0_2_11_8,https://www.amazon.in/s?rh=n%3A2563505031&fs=true,400,1678609921,sr_pg_1
2,accessories,Handbags & Clutches,https://www.amazon.in/gp/browse.html?node=1983338031&ref_=nav_em_sbc_wfashion_handbags_0_2_11_9,https://www.amazon.in/s?rh=n%3A1983338031&fs=true,400,1678609924,sr_pg_1
2,accessories,Gold & Diamond Jewellery,https://www.amazon.in/gp/browse.html?node=5210069031&ref_=nav_em_sbc_wfashion_jewelry_0_2_11_10,https://www.amazon.in/s?rh=n%3A5210069031&fs=true,400,1678609926,sr_pg_1
2,accessories,Fashion & Silver Jewellery,https://www.amazon.in/gp/browse.html?node=5210079031&ref_=nav_em_sbc_wfashion_fashionjwl_0_2_11_11,https://www.amazon.in/s?rh=n%3A5210079031&fs=true,400,1678609928,sr_pg_1
2,accessories,Sunglasses,https://www.amazon.in/gp/browse.html?node=1968401031&ref_=nav_em_sbc_wfashion_sunglasses_0_2_11_12,https://www.amazon.in/s?rh=n%3A1968401031&fs=true,311,1678609931,sr_pg_1
2,women's shoes,Shoes,https://www.amazon.in/gp/browse.html?node=1983578031&ref_=nav_em_sbc_wfashion_shoes_0_2_11_14,https://www.amazon.in/s?rh=n%3A1983578031&fs=true,400,1678609934,sr_pg_1
2,women's shoes,Fashion Sandals,https://www.amazon.in/gp/browse.html?node=1983633031&ref_=nav_em_sbc_wfashion_sandals_0_2_11_15,https://www.amazon.in/s?rh=n%3A1983633031&fs=true,400,1678609937,sr_pg_1
2,women's shoes,Ballerinas,https://www.amazon.in/gp/browse.html?node=1983627031&ref_=nav_em_sbc_wfashion_ballerina_0_2_11_16,https://www.amazon.in/s?rh=n%3A1983627031&fs=true,317,1678609940,sr_pg_1
2,stores,The Designer Boutique,https://www.amazon.in/gp/browse.html?node=6172354031&ref_=nav_em_sbc_wfashion_designerstore_0_2_11_18,https://www.amazon.in/s?rh=n%3A6172354031&fs=true,400,1678609943,sr_pg_1
2,stores,Handloom & Handicraft Store,https://www.amazon.in/gp/browse.html?node=11971792031&ref_=nav_em_sbc_wfashion_handloomstore_0_2_11_19,https://www.amazon.in/s?rh=n%3A11971792031&fs=true,0,,
2,stores,Sportswear,https://www.amazon.in/gp/browse.html?node=12302884031&ref_=nav_em_sbc_wfashion_sportswear_0_2_11_20,https://www.amazon.in/s?rh=n%3A12302884031&fs=true,0,,
2,stores,Women's Fashion,https://www.amazon.in/gp/browse.html?node=7459780031&ref_=nav_em_sbc_wfashion_all_0_2_11_21,https://www.amazon.in/s?rh=n%3A7459780031&fs=true,400,1678609944,sr_pg_1
2,stores,Amazon Fashion,https://www.amazon.in/gp/browse.html?node=6648217031&ref_=nav_em_sbc_wfashion_af_0_2_11_22,https://www.amazon.in/s?rh=n%3A6648217031&fs=true,400,1678609946,sr_pg_1
2,stores,Fashion Sales & Deals,https://www.amazon.in/gp/browse.html?node=4188827031&ref_=nav_em_sbc_wfashion_sales_deals_0_2_11_23,https://www.amazon.in/s?rh=n%3A4188827031&fs=true,12,1678609948,sr_pg_1
3,home & kitchen,Explore Showroom,https://www.amazon.in/showroom?ref_=nav_em_srm_shopall_in_0_2_12_2,,0,,
3,home & kitchen,Kitchen & Dining,https://www.amazon.in/gp/browse.html?node=5925789031&ref_=nav_em_sbc_hk_kitchendining_0_2_12_3,https://www.amazon.in/s?rh=n%3A5925789031&fs=true,400,1678609949,sr_pg_1
3,home & kitchen,Kitchen Storage & Containers,https://www.amazon.in/gp/browse.html?node=1379989031&ref_=nav_em_sbc_hk_kitchenstorage_0_2_12_4,https://www.amazon.in/s?rh=n%3A1379989031&fs=true,400,1678609951,sr_pg_1
3,home & kitchen,Furniture,https://www.amazon.in/gp/browse.html?node=1380441031&ref_=nav_em_sbc_hk_furniture_0_2_12_5,https://www.amazon.in/s?rh=n%3A1380441031&fs=true,400,1678609953,sr_pg_1
3,home & kitchen,Fine Art,https://www.amazon.in/gp/browse.html?node=13740856031&ref_=nav_em_sbc_fineart_in_0_2_12_6,https://www.amazon.in/s?rh=n%3A13740856031&fs=true,15,1678609955,sr_pg_1
3,home & kitchen,Home Furnishing,https://www.amazon.in/gp/browse.html?node=1380442031&ref_=nav_em_sbc_hk_furnishing_0_2_12_7,https://www.amazon.in/s?rh=n%3A1380442031&fs=true,400,1678609958,sr_pg_1
3,home & kitchen,Bedroom Linen,https://www.amazon.in/gp/browse.html?node=1380447031&ref_=nav_em_sbc_hk_bedroom_linen_0_2_12_8,https://www.amazon.in/s?rh=n%3A1380447031&fs=true,400,1678609960,sr_pg_1
3,home & kitchen,Home DÃ©cor,https://www.amazon.in/gp/browse.html?node=1380374031&ref_=nav_em_sbc_hk_decor_0_2_12_9,https://www.amazon.in/s?rh=n%3A1380374031&fs=true,400,1678609962,sr_pg_1
3,home & kitchen,Garden & Outdoors,https://www.amazon.in/gp/browse.html?node=2454175031&ref_=nav_em_sbc_hk_garden_outdoor_0_2_12_10,https://www.amazon.in/s?rh=n%3A2454175031&fs=true,400,1678609964,sr_pg_1
3,home & kitchen,Home Storage,https://www.amazon.in/gp/browse.html?node=1380510031&ref_=nav_em_sbc_hk_home_storage_0_2_12_11,https://www.amazon.in/s?rh=n%3A1380510031&fs=true,400,1678609966,sr_pg_1
3,home & kitchen,Indoor Lighting,https://www.amazon.in/gp/browse.html?node=1380485031&ref_=nav_em_sbc_hk_lighting_0_2_12_12,https://www.amazon.in/s?rh=n%3A1380485031&fs=true,400,1678609968,sr_pg_1
3,home & kitchen,Home Improvement,https://www.amazon.in/gp/browse.html?node=4286640031&ref_=nav_em_sbc_hk_homeimprovement_0_2_12_13,https://www.amazon.in/s?rh=n%3A4286640031&fs=true,400,1678609970,sr_pg_1
3,home & kitchen,Sewing & Craft Supplies,https://www.amazon.in/gp/browse.html?node=10743065031&ref_=nav_em_sbc_hk_craftsupplies_0_2_12_14,https://www.amazon.in/s?rh=n%3A10743065031&fs=true,400,1678609972,sr_pg_1
3,home & kitchen,All Home & Kitchen,https://www.amazon.in/gp/browse.html?node=976442031&ref_=nav_em_sbc_hk_all_0_2_12_15,https://www.amazon.in/s?rh=n%3A976442031&fs=true,400,1678609974,sr_pg_1
3,home & kitchen,Shop by Room,https://www.amazon.in/gp/browse.html?node=10892568031&ref_=nav_em_sbc_hk_shop_by_room_0_2_12_16,https://www.amazon.in/s?rh=n%3A10892568031&fs=true,0,,
3,home & kitchen,Home & Kitchen Deals,https://www.amazon.in/gp/browse.html?node=4916278031&ref_=nav_em_sbc_hk_deals_0_2_12_17,https://www.amazon.in/s?rh=n%3A4916278031&fs=true,0,,
3,pet supplies,All Pet Supplies,https://www.amazon.in/gp/browse.html?node=2454181031&ref_=nav_em_sbc_hk_pets_all_0_2_12_19,https://www.amazon.in/s?rh=n%3A2454181031&fs=true,400,1678609976,sr_pg_1
3,pet supplies,Dog supplies,https://www.amazon.in/gp/browse.html?node=4771342031&ref_=nav_em_sbc_hk_petdogs_0_2_12_20,https://www.amazon.in/s?rh=n%3A4771342031&fs=true,400,1678609978,sr_pg_1
3,"home, kitchen, pets",Refurbished & Open Box,https://www.amazon.in/gp/browse.html?node=15290771031&ref_=nav_em_sbc_hk_certified_refurbished_0_2_12_22,https://www.amazon.in/s?rh=n%3A15290771031&fs=true,14,1678609980,sr_pg_1
4,beauty & health,Beauty & Grooming,https://www.amazon.in/gp/browse.html?node=1355016031&ref_=nav_em_sbc_bhg_beauty_all_0_2_13_2,https://www.amazon.in/s?rh=n%3A1355016031&fs=true,400,1678609982,sr_pg_1
4,beauty & health,Luxury Beauty,https://www.amazon.in/gp/browse.html?node=5311359031&ref_=nav_em_sbc_bhg_lux_0_2_13_3,https://www.amazon.in/s?rh=n%3A5311359031&fs=true,147,1678609985,sr_pg_1
4,beauty & health,Make-up,https://www.amazon.in/gp/browse.html?node=1374357031&ref_=nav_em_sbc_bhg_makeup_0_2_13_4,https://www.amazon.in/s?rh=n%3A1374357031&fs=true,400,1678609988,sr_pg_1
4,beauty & health,Health & Personal Care,https://www.amazon.in/gp/browse.html?node=1350384031&ref_=nav_em_sbc_bhg_hpc_0_2_13_5,https://www.amazon.in/s?rh=n%3A1350384031&fs=true,400,1678609991,sr_pg_1
4,beauty & health,Amazon Pharmacy,https://www.amazon.in/gp/browse.html?node=18049712031&ref_=nav_em_sbc_desktop_pharmacy_0_2_13_6,https://www.amazon.in/s?rh=n%3A18049712031&fs=true,400,1678609992,sr_pg_1
4,beauty & health,Household Supplies,https://www.amazon.in/gp/browse.html?node=1374515031&ref_=nav_em_sbc_bhg_household_0_2_13_7,https://www.amazon.in/s?rh=n%3A1374515031&fs=true,400,1678609994,sr_pg_1
4,beauty & health,Personal Care Appliances,https://www.amazon.in/gp/browse.html?node=3150028031&ref_=nav_em_sbc_bhg_pca_0_2_13_8,https://www.amazon.in/s?rh=n%3A3150028031&fs=true,400,1678609996,sr_pg_1
4,beauty & health,Diet & Nutrition,https://www.amazon.in/gp/browse.html?node=1374489031&ref_=nav_em_sbc_bhg_dnn_0_2_13_9,https://www.amazon.in/s?rh=n%3A1374489031&fs=true,400,1678609999,sr_pg_1
4,beauty & health,Subscribe & Save,https://www.amazon.in/gp/browse.html?node=5728645031&ref_=nav_em_sbc_bhg_sns_0_2_13_10,https://www.amazon.in/s?rh=n%3A5728645031&fs=true,20,1678610002,sr_pg_1
4,beauty & health,Value Bazaar,https://www.amazon.in/gp/browse.html?node=6802110031&ref_=nav_em_sbc_bhg_valuebazaar_0_2_13_11,https://www.amazon.in/s?rh=n%3A6802110031&fs=true,7,1678610003,sr_pg_1
4,grocery & gourmet foods,All Grocery & Gourmet Foods,https://www.amazon.in/gp/browse.html?node=2454178031&ref_=nav_em_sbc_bhg_gourmet_all_0_2_13_13,https://www.amazon.in/s?rh=n%3A2454178031&fs=true,400,1678610006,sr_pg_1
4,grocery & gourmet foods,"Coffee, Tea & Beverages",https://www.amazon.in/gp/browse.html?node=4859478031&ref_=nav_em_sbc_bhg_beverages_0_2_13_14,https://www.amazon.in/s?rh=n%3A4859478031&fs=true,400,1678610008,sr_pg_1
4,grocery & gourmet foods,Snack Foods,https://www.amazon.in/gp/browse.html?node=4859498031&ref_=nav_em_sbc_bhg_snacks_0_2_13_15,https://www.amazon.in/s?rh=n%3A4859498031&fs=true,400,1678610011,sr_pg_1
5,sports & fitness,Cricket,https://www.amazon.in/gp/browse.html?node=3403628031&ref_=nav_em_sbc_sportslugg_cricket_0_2_14_2,https://www.amazon.in/s?rh=n%3A3403628031&fs=true,400,1678610013,sr_pg_1
5,sports & fitness,Badminton,https://www.amazon.in/gp/browse.html?node=3403619031&ref_=nav_em_sbc_sportslugg_badminton_0_2_14_3,https://www.amazon.in/s?rh=n%3A3403619031&fs=true,400,1678610016,sr_pg_1
5,sports & fitness,Cycling,https://www.amazon.in/gp/browse.html?node=3403629031&ref_=nav_em_sbc_sportslugg_cycling_0_2_14_4,https://www.amazon.in/s?rh=n%3A3403629031&fs=true,400,1678610019,sr_pg_1
5,sports & fitness,Football,https://www.amazon.in/gp/browse.html?node=3403640031&ref_=nav_em_sbc_sportslugg_football_0_2_14_5,https://www.amazon.in/s?rh=n%3A3403640031&fs=true,400,1678610021,sr_pg_1
5,sports & fitness,Running,https://www.amazon.in/gp/browse.html?node=3403659031&ref_=nav_em_sbc_sportslugg_running_0_2_14_6,https://www.amazon.in/s?rh=n%3A3403659031&fs=true,400,1678610024,sr_pg_1
5,sports & fitness,Camping & Hiking,https://www.amazon.in/gp/browse.html?node=1984988031&ref_=nav_em_sbc_sportslugg_camping_0_2_14_7,https://www.amazon.in/s?rh=n%3A1984988031&fs=true,400,1678610026,sr_pg_1
5,sports & fitness,Fitness Accessories,https://www.amazon.in/gp/browse.html?node=3403925031&ref_=nav_em_sbc_sportslugg_fitness_acc_0_2_14_8,https://www.amazon.in/s?rh=n%3A3403925031&fs=true,400,1678610028,sr_pg_1
5,sports & fitness,Yoga,https://www.amazon.in/gp/browse.html?node=3403935031&ref_=nav_em_sbc_sportslugg_yoga_0_2_14_9,https://www.amazon.in/s?rh=n%3A3403935031&fs=true,400,1678610030,sr_pg_1
5,sports & fitness,Strength Training,https://www.amazon.in/gp/browse.html?node=3403933031&ref_=nav_em_sbc_sportslugg_strength_0_2_14_10,https://www.amazon.in/s?rh=n%3A3403933031&fs=true,400,1678610032,sr_pg_1
5,sports & fitness,Cardio Equipment,https://www.amazon.in/gp/browse.html?node=3403926031&ref_=nav_em_sbc_sportslugg_cardio_0_2_14_11,https://www.amazon.in/s?rh=n%3A3403926031&fs=true,94,1678610034,sr_pg_1
5,sports & fitness,Sports Collectibles,https://www.amazon.in/gp/browse.html?node=14158326031&ref_=nav_em_sbc_sportslugg_collectibles_0_2_14_12,https://www.amazon.in/s?rh=n%3A14158326031&fs=true,8,1678610036,sr_pg_1
5,sports & fitness,Refurbished & Open Box,https://www.amazon.in/gp/browse.html?node=15290772031&ref_=nav_em_sbc_sports_certfied_refurbished_0_2_14_13,https://www.amazon.in/s?rh=n%3A15290772031&fs=true,0,,
5,sports & fitness,All Exercise & Fitness,https://www.amazon.in/gp/browse.html?node=3403635031&ref_=nav_em_sbc_sportslugg_exercise_0_2_14_14,https://www.amazon.in/s?rh=n%3A3403635031&fs=true,400,1678610039,sr_pg_1
5,sports & fitness,"All Sports, Fitness & Outdoors",https://www.amazon.in/gp/browse.html?node=1984443031&ref_=nav_em_sbc_sportslugg_all_sports_0_2_14_15,https://www.amazon.in/s?rh=n%3A1984443031&fs=true,400,1678610041,sr_pg_1
5,bags & luggage,Backpacks,https://www.amazon.in/gp/browse.html?node=2917430031&ref_=nav_em_sbc_sportslugg_backpacks_0_2_14_17,https://www.amazon.in/s?rh=n%3A2917430031&fs=true,400,1678610043,sr_pg_1
5,bags & luggage,Rucksacks,https://www.amazon.in/gp/browse.html?node=1984997031&ref_=nav_em_sbc_sportslugg_rucksacks_0_2_14_18,https://www.amazon.in/s?rh=n%3A1984997031&fs=true,400,1678610047,sr_pg_1
5,bags & luggage,Suitcases & Trolley Bags,https://www.amazon.in/gp/browse.html?node=2917450031&ref_=nav_em_sbc_sportslugg_checkinbags_0_2_14_19,https://www.amazon.in/s?rh=n%3A2917450031&fs=true,195,1678610049,sr_pg_1
5,bags & luggage,Travel Duffles,https://www.amazon.in/gp/browse.html?node=2917451031&ref_=nav_em_sbc_sportslugg_duffles_0_2_14_20,https://www.amazon.in/s?rh=n%3A2917451031&fs=true,291,1678610052,sr_pg_1
5,bags & luggage,Travel Accessories,https://www.amazon.in/gp/browse.html?node=2917434031&ref_=nav_em_sbc_sportslugg_travelacc_0_2_14_21,https://www.amazon.in/s?rh=n%3A2917434031&fs=true,400,1678610055,sr_pg_1
5,bags & luggage,Wallets,https://www.amazon.in/gp/browse.html?node=2917484031&ref_=nav_em_sbc_sportslugg_wallets_0_2_14_22,https://www.amazon.in/s?rh=n%3A2917484031&fs=true,400,1678610058,sr_pg_1
6,toys & baby products,Toys & Games,https://www.amazon.in/gp/browse.html?node=1350380031&ref_=nav_em_sbc_tbk_toys_games_0_2_15_2,https://www.amazon.in/s?rh=n%3A1350380031&fs=true,400,1678610060,sr_pg_1
6,toys & baby products,Baby Products,https://www.amazon.in/gp/browse.html?node=1571274031&ref_=nav_em_sbc_tbk_baby_products_0_2_15_3,https://www.amazon.in/s?rh=n%3A1571274031&fs=true,400,1678610062,sr_pg_1
6,toys & baby products,Diapers,https://www.amazon.in/gp/browse.html?node=1953345031&ref_=nav_em_sbc_tbk_diapers_0_2_15_4,https://www.amazon.in/s?rh=n%3A1953345031&fs=true,400,1678610064,sr_pg_1
6,toys & baby products,Toys Gifting Store,https://www.amazon.in/gp/browse.html?node=12187967031&ref_=nav_em_sbc_tbk_toysgiftstore_0_2_15_5,https://www.amazon.in/s?rh=n%3A12187967031&fs=true,13,1678610067,sr_pg_1
6,toys & baby products,STEM Toys Store,https://www.amazon.in/gp/browse.html?node=9783607031&ref_=nav_em_sbc_tbk_stemtoys_0_2_15_6,https://www.amazon.in/s?rh=n%3A9783607031&fs=true,9,1678610069,sr_pg_1
6,toys & baby products,International Toy Store,https://www.amazon.in/gp/browse.html?node=8988918031&ref_=nav_em_sbc_tbk_intltoys_0_2_15_7,https://www.amazon.in/s?rh=n%3A8988918031&fs=true,17,1678610075,sr_pg_1
6,toys & baby products,"Baby Bath, Skin & Grooming",https://www.amazon.in/gp/browse.html?node=1953111031&ref_=nav_em_sbc_tbk_babybath_0_2_15_8,https://www.amazon.in/s?rh=n%3A1953111031&fs=true,400,1678610077,sr_pg_1
6,toys & baby products,Strollers & Prams,https://www.amazon.in/gp/browse.html?node=1953480031&ref_=nav_em_sbc_tbk_strollers_0_2_15_9,https://www.amazon.in/s?rh=n%3A1953480031&fs=true,284,1678610079,sr_pg_1
6,toys & baby products,Nursing & Feeding,https://www.amazon.in/gp/browse.html?node=1953448031&ref_=nav_em_sbc_tbk_nursing_0_2_15_10,https://www.amazon.in/s?rh=n%3A1953448031&fs=true,400,1678610081,sr_pg_1
6,toys & baby products,Subscribe & Save,https://www.amazon.in/gp/browse.html?node=5728645031&ref_=nav_em_sbc_tbk_sns_0_2_15_11,https://www.amazon.in/s?rh=n%3A5728645031&fs=true,20,1678610084,sr_pg_1
6,toys & baby products,Pantry,https://www.amazon.in/gp/browse.html?node=9574332031&ref_=nav_em_sbc_tbk_pantry_0_2_15_12,https://www.amazon.in/s?rh=n%3A9574332031&fs=true,7,1678610086,sr_pg_1
6,kids' fashion,Kids' Clothing,https://www.amazon.in/gp/browse.html?node=4091091031&ref_=nav_em_sbc_tbk_kids_clothing_0_2_15_14,https://www.amazon.in/s?rh=n%3A4091091031&fs=true,400,1678610088,sr_pg_1
6,kids' fashion,Kids' Shoes,https://www.amazon.in/gp/browse.html?node=4091095031&ref_=nav_em_sbc_tbk_kids_shoes_0_2_15_15,https://www.amazon.in/s?rh=n%3A4091095031&fs=true,400,1678610091,sr_pg_1
6,kids' fashion,School Bags,https://www.amazon.in/gp/browse.html?node=2917444031&ref_=nav_em_sbc_tbk_school_bags_0_2_15_16,https://www.amazon.in/s?rh=n%3A2917444031&fs=true,400,1678610095,sr_pg_1
6,kids' fashion,Kids' Watches,https://www.amazon.in/gp/browse.html?node=8564835031&ref_=nav_em_sbc_tbk_kids_watches_0_2_15_17,https://www.amazon.in/s?rh=n%3A8564835031&fs=true,277,1678610098,sr_pg_1
6,kids' fashion,Kids' Fashion,https://www.amazon.in/gp/browse.html?node=9361420031&ref_=nav_em_sbc_tbk_kids_fashion_0_2_15_18,https://www.amazon.in/s?rh=n%3A9361420031&fs=true,400,1678610101,sr_pg_1
6,kids' fashion,Baby Fashion,https://www.amazon.in/gp/browse.html?node=11987349031&ref_=nav_em_sbc_tbk_baby_fashion_0_2_15_19,https://www.amazon.in/s?rh=n%3A11987349031&fs=true,400,1678610103,sr_pg_1
7,car & motorbike,Motorbike Accessories & Parts,https://www.amazon.in/gp/browse.html?node=5257478031&ref_=nav_em_sbc_auto_bike_acc_0_2_16_2,https://www.amazon.in/s?rh=n%3A5257478031&fs=true,400,1678610106,sr_pg_1
7,car & motorbike,Car Accessories,https://www.amazon.in/gp/browse.html?node=5257474031&ref_=nav_em_sbc_auto_caracc_0_2_16_3,https://www.amazon.in/s?rh=n%3A5257474031&fs=true,400,1678610110,sr_pg_1
7,car & motorbike,Car Electronics,https://www.amazon.in/gp/browse.html?node=1389221031&ref_=nav_em_sbc_auto_carelec_0_2_16_4,https://www.amazon.in/s?rh=n%3A1389221031&fs=true,400,1678610113,sr_pg_1
7,car & motorbike,Car Parts,https://www.amazon.in/gp/browse.html?node=5257475031&ref_=nav_em_sbc_auto_carparts_0_2_16_5,https://www.amazon.in/s?rh=n%3A5257475031&fs=true,400,1678610115,sr_pg_1
7,car & motorbike,Car & Bike Care,https://www.amazon.in/gp/browse.html?node=5257472031&ref_=nav_em_sbc_auto_care_0_2_16_6,https://www.amazon.in/s?rh=n%3A5257472031&fs=true,400,1678610119,sr_pg_1
7,car & motorbike,All Car & Motorbike Products,https://www.amazon.in/gp/browse.html?node=4772060031&ref_=nav_em_sbc_auto_all_0_2_16_7,https://www.amazon.in/s?rh=n%3A4772060031&fs=true,400,1678610121,sr_pg_1
7,industrial supplies,Industrial & Scientific Supplies,https://www.amazon.in/gp/browse.html?node=5866078031&ref_=nav_em_sbc_auto_ind_all_0_2_16_9,https://www.amazon.in/s?rh=n%3A5866078031&fs=true,400,1678610123,sr_pg_1
7,industrial supplies,"Test, Measure & Inspect",https://www.amazon.in/gp/browse.html?node=6395912031&ref_=nav_em_sbc_auto_ind_test_0_2_16_10,https://www.amazon.in/s?rh=n%3A6395912031&fs=true,400,1678610125,sr_pg_1
7,industrial supplies,Lab & Scientific,https://www.amazon.in/gp/browse.html?node=6409335031&ref_=nav_em_sbc_auto_ind_lab_0_2_16_11,https://www.amazon.in/s?rh=n%3A6409335031&fs=true,400,1678610127,sr_pg_1
7,industrial supplies,Janitorial & Sanitation Supplies,https://www.amazon.in/gp/browse.html?node=6563520031&ref_=nav_em_sbc_auto_ind_jansan_0_2_16_12,https://www.amazon.in/s?rh=n%3A6563520031&fs=true,400,1678610130,sr_pg_1
8,books,All Books,https://www.amazon.in/gp/browse.html?node=976389031&ref_=nav_em_sbc_books_all_0_2_17_2,https://www.amazon.in/s?rh=n%3A976389031&fs=true,75,1678610132,sr_pg_1
8,books,Fiction Books,https://www.amazon.in/gp/browse.html?node=1318157031&ref_=nav_em_sbc_books_fiction_0_2_17_3,https://www.amazon.in/s?rh=n%3A1318157031&fs=true,75,1678610135,sr_pg_1
8,books,Editor's Corner,https://www.amazon.in/gp/browse.html?node=10591963031&ref_=nav_em_sbc_books_editorscorner_0_2_17_4,https://www.amazon.in/s?rh=n%3A10591963031&fs=true,0,,
8,books,School Textbooks,https://www.amazon.in/gp/browse.html?node=4149807031&ref_=nav_em_sbc_books_schooltexts_0_2_17_5,https://www.amazon.in/s?rh=n%3A4149807031&fs=true,75,1678610138,sr_pg_1
8,books,Children's Books,https://www.amazon.in/gp/browse.html?node=1318073031&ref_=nav_em_sbc_books_children_0_2_17_6,https://www.amazon.in/s?rh=n%3A1318073031&fs=true,75,1678610141,sr_pg_1
8,books,Exam Central,https://www.amazon.in/gp/browse.html?node=4149751031&ref_=nav_em_sbc_books_examcentral_0_2_17_7,https://www.amazon.in/s?rh=n%3A4149751031&fs=true,75,1678610143,sr_pg_1
8,books,Textbooks,https://www.amazon.in/gp/browse.html?node=4149418031&ref_=nav_em_sbc_books_textbooks_0_2_17_8,https://www.amazon.in/s?rh=n%3A4149418031&fs=true,75,1678610146,sr_pg_1
8,books,Indian Language Books,https://www.amazon.in/gp/browse.html?node=4932325031&ref_=nav_em_sbc_books_indian_0_2_17_9,https://www.amazon.in/s?rh=n%3A4932325031&fs=true,75,1678610148,sr_pg_1
8,books,Kindle eBooks,https://www.amazon.in/gp/browse.html?node=1634753031&ref_=nav_em_sbc_books_ebooks_0_2_17_10,https://www.amazon.in/s?rh=n%3A1634753031&fs=true,400,1678610151,sr_pg_1
8,audible audiobooks,Audible Audiobooks & more,https://www.amazon.in/gp/browse.html?node=11477925031&ref_=nav_em_aud_0_2_17_12,https://www.amazon.in/s?rh=n%3A11477925031&fs=true,0,,
8,audible audiobooks,Audible Membership,https://www.amazon.in/dp/B077S5CVBQ?ref_=nav_em_aud_1_0_2_17_13,,0,,
9,movies & tv shows,All Movies & TV Shows,https://www.amazon.in/gp/browse.html?node=976416031&ref_=nav_em_sbc_mmvg_movies_all_0_2_18_2,https://www.amazon.in/s?rh=n%3A976416031&fs=true,400,1678610153,sr_pg_1
9,movies & tv shows,Blu-ray,https://www.amazon.in/gp/browse.html?node=1575405031&ref_=nav_em_sbc_mmvg_movies_bluray_0_2_18_3,https://www.amazon.in/s?rh=n%3A1575405031&fs=true,400,1678610159,sr_pg_1
9,movies & tv shows,All English,https://www.amazon.in/gp/browse.html?node=4068583031&ref_=nav_em_sbc_mmvg_movies_eng_0_2_18_4,https://www.amazon.in/s?rh=n%3A4068583031&fs=true,400,1678610161,sr_pg_1
9,movies & tv shows,All Hindi,https://www.amazon.in/gp/browse.html?node=4068584031&ref_=nav_em_sbc_mmvg_movies_hindi_0_2_18_5,https://www.amazon.in/s?rh=n%3A4068584031&fs=true,172,1678610163,sr_pg_1
9,movies & tv shows,Entertainment Collectibles,https://www.amazon.in/gp/browse.html?node=14596996031&ref_=nav_em_sbc_mmvg_ent_collectibles_0_2_18_6,https://www.amazon.in/s?rh=n%3A14596996031&fs=true,8,1678610166,sr_pg_1
9,video games,Gaming Consoles,https://www.amazon.in/gp/browse.html?node=4092115031&ref_=nav_em_sbc_mmvg_consoles_0_2_18_8,https://www.amazon.in/s?rh=n%3A4092115031&fs=true,10,1678610169,sr_pg_1
9,video games,Latest Video Games,https://www.amazon.in/gp/browse.html?node=4069183031&ref_=nav_em_sbc_mmvg_latestvg_0_2_18_9,https://www.amazon.in/s?rh=n%3A4069183031&fs=true,0,,
9,video games,Gaming Accessories,https://www.amazon.in/gp/browse.html?node=4092116031&ref_=nav_em_sbc_mmvg_vgaccessories_0_2_18_10,https://www.amazon.in/s?rh=n%3A4092116031&fs=true,400,1678610172,sr_pg_1
9,video games,PC Games,https://www.amazon.in/gp/browse.html?node=1376518031&ref_=nav_em_sbc_mmvg_pcgames_0_2_18_11,https://www.amazon.in/s?rh=n%3A1376518031&fs=true,400,1678610174,sr_pg_1
9,video games,Video Games Deals,https://www.amazon.in/gp/browse.html?node=4238594031&ref_=nav_em_sbc_mmvg_vgdeals_0_2_18_12,https://www.amazon.in/s?rh=n%3A4238594031&fs=true,6,1678610177,sr_pg_1
9,video games,All Video Games,https://www.amazon.in/gp/browse.html?node=976460031&ref_=nav_em_sbc_mmvg_allvg_0_2_18_13,https://www.amazon.in/s?rh=n%3A976460031&fs=true,400,1678610179,sr_pg_1
9,music,All Music,https://www.amazon.in/gp/browse.html?node=976445031&ref_=nav_em_sbc_mmvg_music_all_0_2_18_15,https://www.amazon.in/s?rh=n%3A976445031&fs=true,400,1678610181,sr_pg_1
9,music,International Music,https://www.amazon.in/gp/browse.html?node=4092674031&ref_=nav_em_sbc_mmvg_music_intl_0_2_18_16,https://www.amazon.in/s?rh=n%3A4092674031&fs=true,400,1678610183,sr_pg_1
9,music,Film Songs,https://www.amazon.in/gp/browse.html?node=1375845031&ref_=nav_em_sbc_mmvg_music_films_0_2_18_17,https://www.amazon.in/s?rh=n%3A1375845031&fs=true,400,1678610186,sr_pg_1
9,music,Indian Classical,https://www.amazon.in/gp/browse.html?node=1375848031&ref_=nav_em_sbc_mmvg_music_classical_0_2_18_18,https://www.amazon.in/s?rh=n%3A1375848031&fs=true,56,1678610188,sr_pg_1
9,music,Musical Instruments & Professional Audio,https://www.amazon.in/gp/browse.html?node=3677697031&ref_=nav_em_sbc_mmvg_musical_inst_0_2_18_19,https://www.amazon.in/s?rh=n%3A3677697031&fs=true,400,1678610191,sr_pg_1
9,stream music,Open web player,https://music.amazon.in/home?ref_=nav_em_dmm_in_nav_pc_mu_webplayer_0_2_18_21,,0,,
9,stream music,Amazon Prime Music,http://www.amazon.in/music/prime?ref_=nav_em_dmm_in_nav_pc_mu_mlp_0_2_18_22,,0,,
