name,link,edition,author,release,ratings,rating_counts,price,genres
"Life's Amazing Secrets: How to Find Balance and Purpose in Your Life | Inspirational Zen book on motivation, self-development & healthy living",/Lifes-Amazing-Secrets-Balance-Purpose/dp/0143442295,,by Gaur Gopal Das  , 8 October 2018,4.6,"18,939  ",250,
"Grandma's Bag of Stories: Collection of 20+ Illustrated short stories, traditional Indian folk tales for all ages for children of all ages by Sudha Murty",/Grandmas-Bag-Stories-Sudha-Murty/dp/0143333623,,by Sudha Murty , 1 January 2015,4.6,"17,113  ",250,in Children's Literature & Fiction
Picture Books Collection for Early Learning (Set of 12),/Picture-Books-Collection-Early-Learning/dp/B01M0QGF0P,,by E C Axus , 1 January 2016,4.3,"17,669  ",360,
"Do It Today: Overcome Procrastination, Improve Productivity",/Do-Today-procrastination-productivity-meaningful/dp/0143452126,,by Darius Foroux  , 27 October 2020,4.5,"3,595  ",199,
My First Library: Boxset of 10 Board Books for Kids,/My-First-Library-Boxset-Board/dp/9387779262,,by Wonder House Books  , 1 January 2018,4.5,"65,598  ",750,"in Children's Family, Personal & Social Issues"
MANORMA YEAR BOOK 2023 (ENG),/MANORMA-YEAR-BOOK-2023-ENG/dp/9393003645,,by Dr Shashi Tharoor , 12 December 2022,4.1,4  ,330,in Humanities
Brain Activity Book for Kids - 200+ Activities for Age 3+,/Brain-Activity-Book-Kids-Activities/dp/9391924298,,by Maple Press  , 1 September 2021,4.5,"2,432  ",125,in Children's Interactive & Activity Books
Atomic Habits: the life-changing million-copy #1 bestseller,/Atomic-Habits-Proven-Build-Break-ebook/dp/B01N5AX61W,,by James Clear  , 18 October 2018,4.6,"61,846  ",820,
"Story book: 365 Stories from the Vedas, the Upanishads and the Puranas for Children (with colourful illustrations) (365 series)",/Stories-Upanishads-Puranas-Children-Hardcover/dp/9352768647,,by Dipavali Sen , 12 August 2021,4.6,788  ,695,
SSC English TCS 7600+ MCQ Topic wise Book with the detailed explanation I 3rd edition,/English-7600-Topic-detailed-explanation/dp/B0BD99MH2L,,by Pinnacle Publications , 5 September 2022,4.2,119  ,740,
KVS PEDAGOGY MASTER BOOK (BILINGUAL) THEORY with PRACTICE MCQ's,/PEDAGOGY-MASTER-BILINGUAL-THEORY-PRACTICE/dp/B0BR83M3W1,,by Rohit Vaidwan  , 30 November 2022,,,599,in Teacher Recruitment Exams
Examcart KVS Study Guide Book For 2023 Exams in English,/Examcart-Study-Guide-Exams-English/dp/9357031383,,by Examcart Experts  , 25 December 2022,5.0,8  ,599,in Central Teacher Eligibility Test (CTET)
"My First Mythology Tale (Illustrated) (Set of 5 Books) - Mahabharata, Krishna, Hanuman, Ganesha, Ramayana - Story Book for Kids - English Short Stories with Colourful Pictures - Read Aloud to Infants, Toddlers",/First-Mythology-Tale-Illustrated-Books/dp/9390292964,,by Maple Press  , 1 September 2020,4.4,"6,146  ",275,in Mythology & Folklore Encyclopedias
The Book Tree Baby Box Gift Set of Small 6 Board Book for Children Age 0 - 2 Years- 12 Pages Board Book,/Book-Tree-Small-Board-Children/dp/B09P78X8W2,,by THE BOOK TREE , 1 January 2019,4.3,366  ,499,in Children's Sport
The Subtle Art of Not Giving a F*ck: A Counterintuitive Approach to Living a Good Life (Mark Manson Collection Book 1),/Subtle-Art-Not-Giving-Counterintuitive-ebook/dp/B019MMUA8S,,by Mark Manson  , 13 September 2016,4.5,"81,637  ","1,238",
Ikigai: The Japanese secret to a long and happy life,/Ikigai-Japanese-secret-long-happy-ebook/dp/B073D36KNM,,by Héctor García  and Francesc Miralles  , 7 September 2017,4.6,"40,176  ",615,
Shine India Year Book 2023 (Telugu Medium),/Shine-India-Year-Telugu-Medium/dp/B0BQRRP317,Telugu Edition , by Sayyad Raja , 20 December 2022,,,239,
Examcart KVS PRT Paryaavaran Vigyaan aur Ganit (Environmental Science & Mathematics) Study Book for 2023 Exams in Hindi,/Examcart-Paryaavaran-Vigyaan-Environmental-Mathematics/dp/9357031340,Hindi Edition , by Examcart Experts  and Prateek Shivalik , 15 December 2022,5.0,19  ,199,
Baby Record Book : Newborn Journal For Boys And Girls To Cherish Memories And Milestones (Ideal Gift For Expecting Parents and Baby Shower),/Baby-Record-Book-Milestones-Expecting/dp/9389432421,,by Wonder House Books , 13 April 2021,4.3,405  ,299,
Trading Chart Pattern [Breakout + Candlestick+Other] | Complete Book | Trading Book,/Trading-Pattern-Breakout-Candlestick-Complete/dp/B0B5S7XBVR,,by Pramesh Universal India , 1 January 2022,3.8,92  ,520,in International Business
Complete Maths Brahamastra formula book for all Competetive Exams,/Complete-Maths-Brahamastra-formula-Competetive/dp/B0BC8KP6VH,,by Aditya Ranjan and Vikramjeet Sir , 11 February 2021,4.1,514  ,150,
War Of Lanka (Ram Chandra Series Book 4),/War-Lanka-Ram-Chandra-Book-ebook/dp/B0B7J9THC7,,by Amish Tripathi  , 3 October 2022,4.3,"2,798  ",225,in Historical Fiction
"JL Sank Magic Practice Copybook For Kids(4 BOOK + 2 PEN + 10 REFILL + 2 GRIP) Magic Book For Kids, Magic Practice Copy Book For Kids, Reusable Calligraphy Books For Kids",/Practice-Copybook-REFILL-Reusable-Calligraphy/dp/B0BFMR7YV2,,by JustLatest , 1 January 2022,4.7,143  ,299,
Rumi's Little Book of Life,/Rumis-Little-Book-Life-Marayam-ebook/dp/B0836LHHN5,,"by Rumi, Marayam H Mafi, et al. ", 27 December 2019,4.6,"1,762  ",820,
Moral Story Books for Kids (Pack of 10 Books) | 160 Total Pages | Illustrated Stories for Children 2 to 6 year old,/Moral-Story-Books-Illustrated-Stories/dp/9381569886,,by Young Angels Publishing , 1 January 2018,4.4,"5,973  ",500,
Tuesdays With Morrie: The most uplifting book ever written about the importance of human connection,/Tuesdays-Morrie-young-greatest-lesson-ebook/dp/B002TXZRNQ,,by Mitch Albom  , 11 June 2009,4.6,"13,161  ","7,200",
Bee - TCS Pattern Prashnapatrika (Vargikaran va Vishleshan) - Ataparyant Zaleleya TCS chya Prashnapatrika,/Bee-Prashnapatrika-Vargikaran-Vishleshan-Ataparyant/dp/B0BNVLNVNX,Marathi Edition , by Ajay Gund and Ajitkumar , 1 December 2022,4.0,2  ,680,in Maharashtra Public Service Commission (MPSC)
"Price Action Trading : Share Market Books in Marathi Indian Stock Option Technical Analysis & Investing, Learning Guide Zone Bazar Book : द शेअर मार्केट, Sharemarket on Intraday with trends charts इंट्राडे ट्रेडिंग, मराठी पुस्तक, प्राइस एक्शन बुक, बाजार इन झोन Bazaar, Bajar",/Price-Action-Trading-Technical-Sharemarket/dp/9352203712,Marathi Edition , by Indrazith Shantharaj and Poonam Chhatre , 1 January 2023,,,200,
"MTG NEET Biology Power Revision Book By Dr Vani Sud- NCERT Based Questions, Mock Test Papers With OMR Sheet & 6000+ Chapterwise Questions For NEET 2023 Exam",/Biology-Revision-Questions-Papers-Chapterwise/dp/9355556500,,by Dr Vani , 27 December 2022,,,695,
The Simplest Book For Technical Analysis | Hindi Edition | Stock Market | Mukul Agrawal,/Simplest-Technical-Analysis-Market-Agrawal/dp/9394200533,Hindi Edition , by Mukul Agrawal  , 18 November 2022,3.1,7  ,299,in Money & Monetary Policy
Examcart KVS PRT Complete Study Guidebook in Hindi Medium For 2023 Exams (Prateek Shivalik),/Examcart-Study-Guide-Exams-Hindi/dp/9357031324,Hindi Edition , by Examcart Experts  , 27 December 2022,,,599,
Examcart KVS PRT Pedagogy English Medium Textbook - Perspective on Education & Leadership for 2023 Exam (Prateek Shivalik),/Examcart-Perspective-Education-Leadership-English/dp/9357031332,,by Examcart Experts  and Prateek Shivalik , 20 December 2022,5.0,20  ,249,
SMART STUDY's Talathi Bharti 186 Prashnapatrika Sanch : 2010-2021 - 17600+ Prashna - 2023/Edn.,/SMART-STUDYs-Talathi-Bharti-Prashnapatrika/dp/B0BQDXXZRJ,Marathi Edition , by Vitthal Rautwar , 16 December 2022,5.0,1  ,580,
"Self Love: Woman's book for a happy life (happiness, mindfulness, wellness, self-confidence)",/Self-Love-happiness-mindfulness-self-confidence-ebook/dp/B08BY2SBYS,,by Vivia Masko , 26 June 2020,4.1,39  ,0,
Citizenville: How to Take the Town Square Digital and Reinvent Government (Marathi),/Citizenville-Digital-Reinvent-Government-Marathi/dp/B0BPP2Y6FD,Marathi Edition ," by Gavin Newsom, Lisa Dickey, et al. ", 9 December 2022,4.8,7  ,350,
"Raa Traders Sank Magic Practice Copybook, (4 BOOK + 10 REFILL+ 2 Pen +2 Grip) Number Tracing Book for Preschoolers with Pen, Magic Calligraphy Copybook Set Practical Reusable Writing Tool Simple Hand Lettering",/Practice-Preschoolers-Calligraphy-Practical-Lettering/dp/9551753437,,,,4.0,197  ,299,
Examcart KVS PRT Textbook Maths & EVS Environmental Science for 2023 Exam (Prateek Shivalik | English Medium),/Examcart-Environmental-Science-Mathematics-TextBook/dp/9357031391,,by Examcart Experts  and Prateek Shivalik , 20 December 2022,5.0,19  ,139,
The Rudest Book Ever,/Rudest-Book-Ever-Shwetabh-Gagwar-ebook/dp/B0BJ98D643,,by Shwetabh Gagwar , 2 November 2022,4.4,"7,668  ",399,
Rajesh Meshe - Talathi Master Thokla: Trickscha Mahapur - 2023 Ed.,/Rajesh-Meshe-Talathi-Trickscha-Mahapur/dp/B0BPYG6QR8,Marathi Edition , by Rajesh Meshe and Swati Rasal , 12 December 2022,3.8,4  ,595,
BlackBook of General Awareness January 2023 by Nikhil Gupta,/BlackBook-General-Awareness-January-Nikhil/dp/8195645704,,by Nikhil kr Gupta , 26 December 2022,5.0,3  ,520,in Exam Preparation
FOREST GUARD BOOK YUVA UPNISHAD | YUVA UPNISHAD VANRAKSHAK BOOK | YUVA FOREST GUARD BEAT GUARD BOOK,/FOREST-GUARD-BOOK-UPNISHAD-VANRAKSHAK/dp/B0BK3DD2V9,Gujarati Edition , by WWW.OJASBOOKS.COM , 1 January 2022,4.4,21  ,330,
SSC Maths 6800 TCS MCQ Chapter wise 3rd Edition English medium,/Maths-6800-Chapter-English-medium/dp/B0B97HZJWM,,by Pinnacle Publications , 14 August 2022,4.4,185  ,720,
Brilliant Brain Activity Book 7+,/Brilliant-Brain-Activity-Book-7/dp/9389281059,,by Dreamland Publications , 1 January 2020,4.4,"1,198  ",250,
"Hadbe 35,000+ Jumbo Mega Police Bharti - THE SMART BOOK - 2022/ 10th Ed. - 100+ Videos, 200+ Test Ranks and 100+ Sarav Test Including",/Hadbe-Jumbo-Mega-Police-Bharti/dp/B09RH238TF,Marathi Edition ," by Siddheshwar Hadbe, Nitin Satre, et al. ", 19 June 2022,4.2,86  ,690,
"The Intelligent Investor, Rev. Ed: The Definitive Book on Value Investing",/Intelligent-Investor-Collins-Business-Essentials-ebook/dp/B000FC12C8,,"by Benjamin Graham , Jason Zweig , et al. ", 17 March 2009,4.5,"40,097  ","2,194",in Finance eTextbooks
Arithmetic Volume 1 Maths Book By Aditya Sir (Complete Class Notes),/Arithmetic-Maths-Aditya-Complete-Class/dp/B0B2DT725Y,Hindi Edition , by Aditya Patel , 1 January 2022,4.5,609  ,700,
Balasaheb Shinde - Paripurna Marathi Vyakaran - 3750+ Vastunishtha Prashna - 2022 - 15th Ed.,/Balasaheb-Shinde-Paripurna-Vyakaran-Vastunishtha/dp/B09QXG4TGS,Marathi Edition,4.3,238  ,380.0,,,
Colour With Crayons Book 1 for Kids Age 1 -6 Years - Drawing and Colouring Book for Early Learners,/Colour-Crayons-Part-Dreamland-Publications/dp/1730175066,,by Dreamland Publications , 1 January 2021,4.2,"7,006  ",80,"in Children's Crafts, Hobbies & Practical Interests"
Tales from Indian Mythology (Collection of 10 Books): Story Books For Kids,/Tales-Indian-Mythology-Collection-Books/dp/9354400507,,by Wonder House Books , 28 February 2022,4.4,108  ,699,
Jolly Kids Picture Talk and Conversation Book for Kids Age 2-6 Years,/Picture-Talk-Conversation-NA/dp/8175352728,,by Jolly Kids , 1 January 2016,4.5,"1,005  ",275,
Doglapan: The Hard Truth about Life and Start-Ups,/Doglapan-Hard-Truth-about-Start-Ups/dp/067009711X,,by Ashneer Grover  , 10 December 2022,4.3,378  ,499,in Business Entrepreneurship Textbooks
Rich Dad Poor Dad : What The Rich Teach Their Kids About Money That The Poor And Middle Class Do Not!: (25th Anniversary Edition),/Rich-Dad-Poor-Middle-Anniversary/dp/1612681131,,by Robert T. Kiyosaki  , 6 August 2022,4.5,"14,965  ",599,
Sapiens: THE MULTI-MILLION COPY BESTSELLER,/Sapiens-Humankind-Yuval-Noah-Harari-ebook/dp/B00K7ED54M,,by Yuval Noah Harari  , 4 September 2014,4.7,"52,512  ",957,in Anthropology
इकिगाई मराठी | Ikigai (Marathi Book) | दीर्घायुषी निरोगी आणि आनंदी जीवनाचे जपानी रहस्य | Japanese secret of Happy and long healthy life : In search of Purpose of life,/Marathi-%E0%A4%A6%E0%A5%80%E0%A4%B0%E0%A5%8D%E0%A4%98%E0%A4%BE%E0%A4%AF%E0%A5%81%E0%A4%B7%E0%A5%80-%E0%A4%9C%E0%A5%80%E0%A4%B5%E0%A4%A8%E0%A4%BE%E0%A4%9A%E0%A5%87-Japanese-healthy/dp/9391282660,Marathi Edition , by Hector Garcia and Fransesc Miralles , 1 January 2019,,,195,
"Punekar Publications General Management | Samanya Prabandhan | सामान्य प्रबंधन | New syllabus Book in hindi for Mp patwari, Group-2 : Subgroup-4 & all Mppeb Exams 2022-23",/Punekar-Publications-Management-Prabandhan-syllabus/dp/B0BPHPB3L2,Hindi Edition , by Punekar Expert , 29 November 2022,,,240,in Police Exams
The Alchemist,/Alchemist-Paulo-Coelho-ebook/dp/B00U6SFUSS,,by Paulo Coelho  , 24 February 2015,4.6,"96,675  ","1,069",
Yashoda Vanrakshak Bharti Paripurna Margadarshak - TCS va IBPS Abhyaaskramavar Adharit - 2023/Ed.,/Yashoda-Vanrakshak-Bharti-Paripurna-Margadarshak/dp/B0BPYDV3MQ,Marathi Edition , by Somnath Gunaware and Snehal Thorat - Turkunde , 12 December 2022,,,280,
The Power of Your Subconscious Mind,/Power-Your-Subconscious-Mind-Success/dp/8172345666,,by Joseph Murphy  , 1 February 2015,4.5,"64,809  ",199,in Earth Sciences Books
GIKSO 100 Maths Puzzles Book - Brain Boosting Mathematical Activities for Age 7+ Years Old Kids | Multi Color Game Book (English) - Reprinted 2022,/GIKSO-100-Maths-Puzzles-Book/dp/8193864999,,by GIKSO , 1 January 2019,4.4,"2,820  ",245,
चालू घडामोडी इयर बुक 2023/ Chalu Ghadamodi year book 2023,/%E0%A4%9A%E0%A4%BE%E0%A4%B2%E0%A5%82-%E0%A4%98%E0%A4%A1%E0%A4%BE%E0%A4%AE%E0%A5%8B%E0%A4%A1%E0%A5%80-2023-Chalu-Ghadamodi/dp/B0BQ79FRT2,Marathi Edition , by DEVA JADHAVAR , 14 December 2022,,,300,
TT-POWER (26 x 19 Big Size) (4 Books 4 Pen 4 Hand Grip 20 Refill) Big Size Magic Book Kids Magical Handwriting Reusable Book 3+ Age Preschoolers,/TT-POWER-Magical-Handwriting-Reusable-Preschoolers/dp/B0BG8XVPFF,,by TT-POWER , 25 September 2021,5.0,5  ,999,
Price Action Trading : Technical Analysis Simplified!,/Price-Action-Trading-Technical-Simplified/dp/8195261612,,by Sunil Gurjar (Chartmojo) , 1 January 2021,4.3,"1,410  ",350,in Investments & Securities
Examcart KVS PRT Pedagogy Hindi Medium Textbook - Perspective on Education & Leadership for 2023 Exam (Prateek Shivalik),/Shaikshik-Drastikon-Evam-Netratav-TBHM-2023/dp/9357031308,Hindi Edition , by Examcart Experts and Prateek Shivalik , 1 January 2022,,,269,
My First Book of Pencil Control : Practice Pattern Writing (Full Color Pages): Patterns Practice book for kids (Pattern Writing),/First-Book-Patterns-Pencil-Control/dp/9387779319,,by Wonder House Books  , 25 April 2018,4.4,"22,872  ",140,
"Little Colouring Books for Kids (Set of 10 Books) - Gift to children for painting, drawing and colouring - Alphabets, Animals, Birds, Flags, Flowers, ... Transport, Vegetables - 3 to 6 years old",/Colouring-Books-Set-10/dp/9350332167,,by Maple Press  , 1 January 2020,4.3,"1,936  ",300,in Painting
"Human Psychology: 4 Books in 1. How to Analyze People + Manipulation Techniques + Dark Psychology + Enneagram: Powerful Guides to Learn Persuasion, Mind Control, Body Language and People's Behaviour",/Human-Psychology-Manipulation-Techniques-Persuasion-ebook/dp/B085S7T78X,,by Richard Campbell  , 10 March 2020,4.1,54  ,"4,270.47",
Mandala Art: Colouring books for Adults with tear out sheets,/Mandala-Art-Colouring-Adults-Sheets/dp/9386538601,,by Wonder House Books  , 1 January 2018,4.6,"4,925  ",249,in Art Encyclopedias
Brijbhoomi Books And Handicrafts® Bhagavad Gita: Yatharoop,/Bhagavad-Gita-Bhaktivendanta-Swami-Prabhupada/dp/938598618X,Hindi Edition , by Brijbhoomi Books And Handicrafts , 1 January 2019,4.8,"14,564  ",460,in Religion Encyclopedias
"Moral Story Books for Kids (Set of 10 Books) (Illustrated) - English Short Stories with Colourful Pictures - Bedtime Children Story Book - 3 Years to 6 Years Old Children - Read Aloud to Infants, Toddlers",/Moral-Story-Books-Kids-Set/dp/9391129811,,by Maple Press  , 1 August 2021,4.5,906  ,350,
My First ABC Sticker Book: Exciting Sticker Book With 100 Stickers,/My-First-ABC-Sticker-Book/dp/9388144937,,by Wonder House Books  , 25 November 2018,4.4,"2,252  ",225,in Games & Quizzes
Brain Boosting Activity Book for Kids – 200+ Activities for Age 3+,/Brain-Boosting-Activity-Book-Kids/dp/9391129668,,by Maple Press  , 1 August 2021,4.4,560  ,125,
CHART PATTRNS & CANDLESTICK PATTERNS POCKET SIZE - A6 BOOKS(COMBO) [Staple Bound] OXLANE FINANCE,/CHART-PATTRNS-CANDLESTICK-PATTERNS-POCKET/dp/B0B56W854W,,by OXLANE FINANCE , 31 December 2021,3.9,34  ,999,
1800+ Reward Stickers - Ideal For Teachers And Parents : Sticker Book With Over 1800 Stickers To Boost The Morale of Kids,/1800-Reward-Stickers-Teachers-Parents/dp/9388810740,,by Wonder House Books  , 6 August 2020,4.5,817  ,225,"in Children's Games, Toys & Activities"
Target High 6th Premium Edition,/Target-High-6th-Premium-MUTHUVENKATACHALAM/dp/9390619556,,by MUTHUVENKATACHALAM S. , 1 January 2021,4.5,"2,320  ","1,895",in Nursing
"My First 1000 Words: Early Learning Picture Book to learn Alphabet, Numbers, Shapes and Colours, Transport, Birds and Animals, Professions, Opposite Words, Action Words, Parts of the body and Objects Around Us.",/First-1000-Words-Transport-Professions/dp/9388144112,,by Wonder House Books  , 1 January 2018,4.5,"7,164  ",299,
"Diary of a Wimpy Kid Set of 13 Book -(1 To 13), International Best Seller ( Paperback )",/Diary-Wimpy-International-Seller-Paperback/dp/B0BQGY74F5,,by Jeff Kinney , 1 January 2019,,,"2,999",
Ruskin Bond - Best Selling Children Story Books Collection (Set of 4 Books),/Ruskin-Bond-Selling-Children-Collection/dp/8131964817,,by Ruskin Bond  , 1 January 2019,4.5,"3,846  ",699,
101 Tales The Great Panchatantra Collection - Collection Of Witty Moral Stories For Kids For Personality Development,/101-Tales-Great-Panchatantra-Collection/dp/9390093953,,by Wonder House Books  , 12 October 2020,4.5,"1,175  ",599,
The Book Thief: TikTok made me buy it! The life-affirming international bestseller,/Book-Thief-10th-Anniversary-ebook/dp/B01B2DJKHC,,by Markus Zusak  , 8 March 2016,4.6,"12,694  ",399,
Smart Study - Maharashtra Van Vibhag - Vanarakshak Bharti 42 Prashnapatrika Sanch - 5100+ Prashna - 2022-23/Ed.,/Smart-Study-Maharashtra-Vanarakshak-Prashnapatrika/dp/B0BNQ8FZBS,Marathi Edition , by Vitthal Rautwar , 30 November 2022,2.0,1  ,360,
"Phonic Reader (Illustrated) (Set of 6 Books) - Story Book for Kids - Bedtime Stories - 2 Years to 6 Years Old - Read Aloud to Infants, Toddlers",/Phonic-Reader-Illustrated-Set-Books/dp/9394668772,,by Maple Press  , 7 October 2022,4.6,10  ,240,
garbhasanskar book in marathi,/garbhasanskar-book-marathi-Balaji-Tambe/dp/B0B3TM1MHM,,by Dr Balaji Tambe , 1 January 2022,3.8,4  ,900,
Trading Chart and Candlestick Patterns Books (A6 Size Pocket Book),/Trading-Chart-Candlestick-Patterns-Pocket/dp/B0BKFGX2RW,,by Trading Buddy , 1 January 2022,4.2,5  ,599,
Bhagwan Buddha Ani Tyancha Dhamma डॉ. बाबासाहेब आंबेडकर Tathagat Gautam budha Aani Dr. Babasaheb Ambedkar Book in Marathi Books and his dhama Buddhism गौतम बुद्ध आणि त्यांचा धम्म मराठी पुस्तक dharma,/%E0%A4%AC%E0%A4%BE%E0%A4%AC%E0%A4%BE%E0%A4%B8%E0%A4%BE%E0%A4%B9%E0%A5%87%E0%A4%AC-Tathagat-Babasaheb-Ambedkar-Buddhism/dp/9352203704,Marathi Edition , by Babasaheb Ambedkar , 6 December 2022,4.7,4  ,440,
"Intraday Trading : Share Market Books in Marathi (Indian Stock Option Technical Analysis & Investing, Learning Guide Zone) Bazar Book : शेअर मार्केट, इंट्राडे ट्रेडिंग, मराठी पुस्तक, Sharemarket on",/Intraday-Trading-Technical-Investing-Sharemarket/dp/9352203747,Marathi Edition , by Indrazith Shantharaj and Jui Palekar-Parlikar , 1 November 2022,4.7,16  ,196,
(Hindi Book) Price Action Trading Technical Analysis Hindi,/Hindi-Action-Trading-Technical-Analysis/dp/8195840604,Hindi Edition , by Sunil Gurjar (Chartmojo) , 1 January 2022,5.0,3  ,350,
Mathematics and Statistics Practical Book For Class 12 ( XII ) - Arts and Science Stream. English Medium. Maharashtra State Board,/Mathematics-Statistics-Practical-Book-Class/dp/B08QGNRLJW,,by MSBTPC - Maharashtra Board Publications , 1 January 2020,4.4,21  ,57,
Brain Activity Book for Kids - 200+ Activities for Age 6+,/Brain-Activity-Book-Kids-Activities/dp/9391924875,,by Maple Press  , 10 May 2022,4.5,71  ,125,
101 Panchatantra Stories for Children: Colourful Illustrated Story book,/101-Panchatantra-Stories-Children-Illustrated/dp/935376517X,,by Om Books Editorial Team  , 30 September 2020,4.5,"7,712  ",250,in Children's History
Jolly Kids My First Book of Phonics Words Key to Letter Sound Relationship| Learning the Letter Sounds| Blending| Word Formatting| Sight Words| Phonic Activity Book for Kindergarten Ages 3-7 Years,/Relationship-Learning-Blending-Formatting-Kindergarten/dp/938705411X,,by Jolly Kids , 1 January 2020,4.6,890  ,375,
Brain Activity Book for Kids - 200+ Activities for Age 5+,/Brain-Activity-Book-Kids-Activities/dp/9391924956,,by Maple Press , 12 September 2022,4.0,4  ,125,
The Psychology of Money,/Psychology-Money-Morgan-Housel/dp/9390166268,,by Morgan Housel  , 18 September 2020,4.6,"45,238  ",399,in Books
Trading Mastermind Book - Become a Trading Expert From Scratch,/Trading-Mastermind-Book-Become-Scratch/dp/B09V7R6BZZ,,by Zebra Learn , 1 January 2022,4.2,87  ,"3,599",
Awesome Facts for Awesome Kids: A Fun & Fascinating Book of 700 Interesting Facts for Children Aged 8 - 12! (Awesome Books for Awesome People),/Awesome-Facts-Kids-Fascinating-Interesting-ebook/dp/B0BR1BGPCL,,by The Angry Whippet  , 23 December 2022,3.0,2  ,0,
"General Management | Samanya Prabandhan | सामान्य प्रबंधन | Shree Kabeer Publication | Objective B.S.IQ.| Sanjay Dangi, Babulal Dangi",/General-Management-Prabandhan-Publication-Objective/dp/B0BPGJJR7S,Hindi Edition , by Sanjay Dangi and Babulal Dangi , 1 January 2022,4.1,4  ,155,in Madhya Pradesh Public Service Commission (MPPSC)
101 Brain Booster Activity Book: Fun Activity Book For Children,/101-Brain-Booster-Activity-Book/dp/9388369793,,by Wonder House Books  , 25 January 2019,4.4,"5,101  ",225,
"Blossom Jumbo Creative Colouring Book for Kids 3 years to 5 years old | Best Drawing, Coloring, Painting and Art Book for Children with Color Reference Guide | A3 Size Colour Book for Kids | Level 1",/Creative-Colouring-Children-Coloring-Reference/dp/B07YD7NCNL,,by Content Team at Target Publications , 1 January 2020,4.4,"2,382  ",180,
"Success Key Presents Health Inspector, Malaria inspector, Sanitary inspector Mp Peb , Dsssb , Railway Recruitment Exam Book 2022",/Presents-Inspector-inspector-Sanitary-Recruitment/dp/B0BNW5RTT5,Hindi Edition , by Vinod Kumar Meena , 1 January 2022,4.8,9  ,799,
Ladybird Big Noisy Book: Farm Hullaballoo!,/Ladybird-Big-Noisy-Book-Hullaballoo/dp/1409306682,,by Ladybird  , 26 April 2011,4.6,"2,011  ",650,
"Sank Magic Practice for kids Copybook, Magic practice book for kids(4 BOOK + 10 REFILL+ 1 pen +1 grip) Number Tracing Book for Preschoolers with Pen, Magic Calligraphy Copybook Set Practical Reusable Writing Tool Simple Hand Lettering",/Practice-Preschoolers-Calligraphy-Practical-Lettering/dp/B09VCN8ZS8,,by QSHIXLE , 1 January 2020,4.3,938  ,499,
Shine India Year Book 2023 (Telugu Medium),/Shine-India-Year-Telugu-Medium/dp/B0BR83M7SP,Telugu Edition , by Sayyad Raja , 26 December 2022,,,239,
Eat That Frog!: 21 Great Ways to Stop Procrastinating and Get More Done in Less Time,/Eat-That-Frog-Great-Procrastinating/dp/152309513X,,by Brian Tracy  , 21 August 2018,4.6,"6,879  ",299,
Beginner's Photography Book: An introduction to digital photography and related terminology.,/Beginners-Photography-Book-introduction-terminology-ebook/dp/B017GUJC32,,by Keith Silvas , 1 November 2015,5.0,8  ,0,
Smart Study - 812 Police Bharti - Bhag 2 - Prashnapatrika Sanch - 25025+ Prashna - 4th./Ed. - 2022,/Smart-Study-Police-Prashnapatrika-Prashna/dp/B0BMB526XR,Marathi Edition , by Vitthal Rautwar , 13 November 2022,5.0,1  ,580,
Mental Maths - Mathematics Activity Book 2,/Mental-Maths-Mathematics-Activity-Book/dp/9391924034,,by Maple Press  , 10 May 2022,4.2,28  ,95,
Gita Press Gorakhpur Geeta Daynandini Dairy (Delux Edition 2023) By Shri Ji Books (Code-2278),/Press-Gorakhpur-Geeta-Daynandini-Code-2278/dp/B09NTLB4TX,Hindi Edition , by Gita Press Gorakhpur , 31 October 2021,4.5,5  ,125,
ब्रम्हास्त्र करंट अफेयर्स 2022 by MJT Education | January to December 2022 Current Affairs book in Hindi for all exams| Bramhastra Current Affairs 2022 | MJT Education books,/%E0%A4%AC%E0%A5%8D%E0%A4%B0%E0%A4%AE%E0%A5%8D%E0%A4%B9%E0%A4%BE%E0%A4%B8%E0%A5%8D%E0%A4%A4%E0%A5%8D%E0%A4%B0-%E0%A4%85%E0%A4%AB%E0%A5%87%E0%A4%AF%E0%A4%B0%E0%A5%8D%E0%A4%B8-Education-December-Bramhastra/dp/B0BN5VMKYP,Hindi Edition , by Er SUMIT MISHRA , 22 November 2022,4.0,9  ,220,
My First Complete Learning Library: Boxset of 20 Board Books Gift Set for Kids (Horizontal Design),/First-Learning-Library-Box-Set/dp/9388369882,,by Wonder House Books  , 1 January 2019,4.6,"12,779  ","1,499",in Dictionaries
"Writing Practice Boxset: Pack of 4 Books (Writing Fun: Write And Practice Capital Letters, Small Letters, Patterns and Numbers 1 to 10)",/Writing-Fun-Set-Books-Practice/dp/9387779777,,by Wonder House Books  , 1 January 2018,4.3,"10,832  ",399,in Handwriting Reference
My First Experiences Sticker Book: My first sticker books,/My-First-Experiences-Sticker-Book/dp/9388369815,,by Wonder House Books  , 20 January 2019,4.4,974  ,225,
Embrace Your Power: A Guide to Living Your Best Life (Personal Transformation Book 2),/Embrace-Your-Power-Personal-Transformation-ebook/dp/B0BR2QHZG6,,by Sofia Morico  , 24 December 2022,4.5,2  ,0,
SSC CGL Tier 2 Computer Knowledge Book English Medium,/Tier-Computer-Knowledge-English-Medium/dp/B0BP76HXG3,,by Pinnacle Publications , 5 December 2022,4.4,4  ,450,
Mahagenco Exam Book for Electrical and Instrumentation Engineering,/Mahagenco-Exam-Electrical-Instrumentation-Engineering/dp/B0BNDTQTTG,,by Mr. Pramod Deshkari , 24 August 2022,,,699,
World’s Greatest Books For Personal Growth & Wealth (Set of 4 Books): Perfect Motivational Gift Set,/Worlds-Greatest-Personal-Growth-Wealth/dp/9389432014,,"by Dale Carnegie, Napoleon Hill, et al. ", 1 August 2019,4.5,"21,860  ",699,in Development & Growth
CARDEX Magic Practice Copy Books Set of 4 Magic Writing & Drawing Books Kit Calligraphy Books for kids Alphabets for Kids Learning Handwriting Practice Copybook for Kids With Pen set for Preschooler,/Practice-Calligraphy-Alphabets-Handwriting-Preschooler/dp/B09X2YNH2S,,by CARDEX , 1 January 2020,4.5,261  ,499,
Brain Activity Book for Kids - 200+ Activities for Age 4+,/Brain-Activity-Book-Kids-Activities/dp/9391924301,,by Maple Press  , 1 September 2021,4.4,562  ,94,
You Can,/You-Can-George-Matthew-Adams/dp/9389931843,,by George Matthew Adams  , 6 August 2020,4.3,"2,570  ",149,
"QOKZEK Magic Practice Copybook, (4 BOOK + 1 PEN + 10 REFILL) Number Tracing Book for Preschoolers with Pen, Magic calligraphy books for kids Reusable Writing Tool (SIZE- 19*13 cm)",/Practice-Copybook-Preschoolers-calligraphy-Reusable/dp/B0743DXTVX,,by QOKZEK , 3 July 2022,4.5,"2,392  ",699,
Moral Stories for Children -Set of 10 Illustrated Story Books (Packed in a Gift Box),/Moral-Stories-Children-Illustrated-Packed/dp/9391258492,,by Om Books Editorial Team , 14 January 2022,4.3,623  ,500,
Chocolate Recipe Book: A Cookbook Filled with Sweet Treats for All Chocolate Lovers,/Chocolate-Recipe-Book-Cookbook-Filled-ebook/dp/B0BQYCG74R,,by Noah Wood  , 22 December 2022,,,0,
Dnyandeep Talathi 2022 - Vargikrut Prashnasanch (Marathi),/Dnyandeep-Talathi-2022-Vargikrut-Prashnasanch/dp/B09P75ZB13,Marathi Edition , by Jitendra Pundekar and Mahesh Shinde , 25 December 2021,4.2,83  ,580,
Nursery Rhymes Board Book (My First Book Series): Illustrated Classic Nursery Rhymes,/Nursery-Rhymes-Board-Book-First/dp/9388144201,,by Wonder House Books  , 1 January 2018,4.6,"3,066  ",299,
My First Little Librarian: Boxset of 12 Best Board Books for Kids,/My-First-Little-Librarian-Boxset/dp/B08MLC2GD6,,by THE BOOK TREE , 1 January 2019,4.4,"3,966  ",899,in Writing Guides
आर्थिक नियोजन हीच काळाची गरज: शिका श्रीमंत बनण्याची मानसिकता,/%E0%A4%86%E0%A4%B0%E0%A5%8D%E0%A4%A5%E0%A4%BF%E0%A4%95-%E0%A4%A8%E0%A4%BF%E0%A4%AF%E0%A5%8B%E0%A4%9C%E0%A4%A8-%E0%A4%B9%E0%A5%80%E0%A4%9A-%E0%A4%95%E0%A4%BE%E0%A4%B3%E0%A4%BE%E0%A4%9A%E0%A5%80-%E0%A4%97%E0%A4%B0%E0%A4%9C/dp/9393966486,Marathi Edition , by Pritam Patil , 20 December 2022,,,599,
My First Shapes and Colours Sticker Book: Exciting Sticker Book With 100 Stickers,/First-Shapes-Colours-Sticker-Book/dp/938814497X,,by Wonder House Books  , 25 November 2018,4.5,"1,325  ",225,
BlackBook of English Vocabulary January 2022,/BlackBook-English-Vocabulary-January-2022/dp/B09QSZFFBW,,by Nikhil K Gupta , 21 January 2022,4.5,951  ,399,in SSC Exam
My First Transport Sticker Book: Exciting Sticker Book With 100 Stickers,/My-First-Transport-Sticker-Book/dp/9388144988,,by Wonder House Books  , 25 November 2018,4.5,955  ,229,
Addition and Subtraction Activity Book For Children - 80+ Activities Inside,/Addition-Subtraction-Activity-Book-Children/dp/9354402380,,by Wonder House Books , 30 July 2022,5.0,1  ,139,
ADMINISTRATION & FINANCE: COMPETITIVE EXAM RESOURCE BOOK- (KVS / NVS/ EMRS) (Hindi Edition),/ADMINISTRATION-FINANCE-COMPETITIVE-RESOURCE-BOOK-ebook/dp/B087QGG5SD,Hindi Edition , by DR. SHASHIKANT GAIKWAD , 26 April 2020,3.6,5  ,0,
"All-Time Favourites for Children: Classic Collection of 25+ most-loved, great stories by famous award-winning author (Illustrated, must-read fiction short stories for kids)",/All-Time-Favourites-Children-award-winning-Illustrated/dp/0143451936,,by Ruskin Bond  , 21 May 2021,4.6,"1,248  ",250,
"Karma: A Yogi's Guide to Crafting Your Destiny | Spirituality, Self-improvement & Self help books by Sadhguru | Penguin",/Karma-PUBLISHERS-BESTSELLER-spirituality-self-improvement/dp/0143452673,,by Sadhguru  , 27 April 2021,4.7,"10,406  ",299,"in Health, Fitness & Nutrition"
Elpu and The Enchanted Book,/Elpu-Enchanted-Book-Kuvam-Gupta/dp/B0BQMY9B8Y,,by Kuvam Gupta , 20 December 2022,,,299,
Origami - Step-by-Step Introduction To The Art of Paper-Folding - Activity Book For Children - Level 1: Beginners,/Origami-Step-Step-Introduction-Paper-Folding/dp/9354404928,,by Wonder House Books , 20 October 2022,,,199,
World’s Greatest Books For Personal Growth & Wealth (Set of 4 Books) (Hindi),/Worlds-Greatest-Personal-Growth-Wealth/dp/9390391512,Hindi Edition , by Various , 1 September 2020,4.4,"1,646  ",750,
Think and Grow Rich (Hindi),/Think-Grow-Rich-Hindi-Napoleon/dp/8175993561,Hindi Edition , by Napoleon Hill  , 1 March 2016,4.3,"6,186  ",175,in Commerce
"Microsoft Office 365 for Beginners 2023: (9 Books in 1) The Complete Easy-to-Follow Guide to Become a Pro | Includes Excel, Word, PowerPoint, OneNote, OneDrive, OutLook, Teams, Access and Publisher",/Microsoft-Office-Beginners-Easy-Follow-ebook/dp/B0BR2XX21Y,,by Francisco Craney , 24 December 2022,,,0,
"Samanya Prabandhan MP Patwari, ARO, Jan Sampark Adhikari and other Exams Pramesh Universal India | General Management",/Samanya-Prabandhan-Adhikari-Universal-Management/dp/B0BN4CFKNW,Hindi Edition ," by Nidhi Singh Parihar, Dinesh Singh Chauhan, et al. ", 21 November 2022,4.0,9  ,300,
Motivation- Colouring Book for Adults: Adult Colouring Book for Peace & Relaxation,/Motivation-Adult-Colouring-Peace-Relaxation/dp/9387177033,,by Dreamland Publications  , 1 January 2021,4.5,"2,304  ",180,in Painting Books
The Power of A Positive Attitude: Your Road To Success,/Power-Positive-Attitude-Your-Success/dp/9389432642,,by Roger Fritz  and Ph.D. Edited by Arthur R. Pell , 1 September 2019,4.4,"2,942  ",150,in Language Learning & Teaching
"Cursive Writing Books (Set of 5 Books) (Handwriting Practice Books) - Small Letters, Capital Letters, Joining Letters, Sentences, Words for Age 3-7: ... Letters, Joing Letters, Sentences, Words",/Cursive-Writing-Books-Set/dp/9388304128,,by Maple Press  , 1 October 2018,4.4,"1,017  ",430,
"Isapniti Book in Marathi, Story Books Combo Pack for Kids, Children Literature, Moral stories, इसापनीती बाल कथा, छान छान गोष्टी पुस्तके, लहान मुलांच्या गोष्टीचे पुस्तक, बोधकथा",/Isapniti-Children-Literature-%E0%A4%87%E0%A4%B8%E0%A4%BE%E0%A4%AA%E0%A4%A8%E0%A5%80%E0%A4%A4%E0%A5%80-%E0%A4%AE%E0%A5%81%E0%A4%B2%E0%A4%BE%E0%A4%82%E0%A4%9A%E0%A5%8D%E0%A4%AF%E0%A4%BE/dp/B09C1SKFM6,Marathi Edition , by Baba Bhand , 1 January 2017,4.2,96  ,200,
HOTNIX Magic Practice Copy Books Set of 4 Magic Writing & Drawing Books Kit Calligraphy Books for kids Alphabets for Kids Learning Handwriting Practice Copybook for Kids With Pen set for Preschooler,/Practice-Calligraphy-Alphabets-Handwriting-Preschooler/dp/B09TTHCZ4Q,,by HOTNIX , 2 March 2022,3.9,300  ,599,
"Master English Pronunciation & Intonation Like A Pro: The 52 Complete Pronunciation, Intonation & Stress Lessons, Rules & Guides with Clear Explanations ... and Intonation Like A Pro Book 3)",/Master-English-Pronunciation-Intonation-Like-ebook/dp/B0BR8C1XHK,,"by Matthew  Roberts  , Anna  Brown , et al. ", 27 December 2022,,,0,
"Chandan sir's Arithmetic Class Notes, Bilingual (English/Telugu)",/Chandan-Arithmetic-Bilingual-English-Telugu/dp/B0BLSMG9BP,Telugu Edition , by Chandan Kumar Venna , 1 January 2022,4.6,107  ,599,
The Book of Everlasting Things: A Novel,/Book-Everlasting-Things-Novel-ebook/dp/B0BJ7N6LVS,,by Aanchal Malhotra  , 27 December 2022,3.0,2  ,799,
SSC CGL Mains (TIER - II) Mathematics by RAJA SIR | 28 Sets (2010 to 2021/22) 2800 PYQs |Yearwise and Topicwise | Bilingual | Complete Solutions and Analytics,/SSC-CGL-Mains-TIER-Mathematics/dp/B0BPSQX6P4,,by Raja Sir , 9 December 2022,4.9,30  ,499,
"My Little Book of Krishna: Illustrated board books on Hindu mythology, Indian gods & goddesses for kids age 3+; A Puffin Original.",/Little-Book-Krishna-Illustrated-mythology/dp/0143453246,,"by Penguin India, Ashwitha Jayakumar , et al. ", 9 August 2021,4.7,248  ,125,
Kindergarten Maths Assignment Book for Children Age 2- 5 Years | Early Learning Books,/Kindergarten-Maths-Assignment-Dreamland-Publications/dp/9350899558,,by NA , 1 January 2019,4.5,318  ,250,
Activity Book : My First Pencil Control Activity Book- Practice Pattern writing for kids,/Control-Activity-Practice-Pattern-writing/dp/9353762596,,by Anjie Chatt , 20 January 2022,4.4,148  ,140,
PHYSICS WALLAH Aspire for JEE | Full Course (Main and Advance) Study Material for Class 11 | Complete 9 Books Set PCM Study Material (JEE 2023 Edition),/PHYSICS-WALLAH-Advance-Material-Complete/dp/8195546935,,by PW , 28 February 2022,4.4,235  ,"2,549",
SURA`S ISRO Assistant Upper Division Clerk(UDC) Exam Book in English Medium - Latest Updated Edition 2023,/SURA%60S-Assistant-Division-English-Medium/dp/9395692707,,by V.V.K. Subburaj  , 21 December 2022,,,550,
Cityscape- Colouring Book for Adults,/Cityscape-Adult-Colouring-Peace-Relaxation/dp/9386671964,,by Dreamland Publications , 1 January 2021,4.4,353  ,180,
Examcart SSC Constable GD Practice Sets Book For 2023 Exam,/Examcart-Constable-Practice-Sets-Book/dp/9355611854,,,,4.3,221  ,299,
The Book of Five Rings (Hardcover Library Edition),/Book-Five-Rings-Hardcover-Library/dp/9389440556,,by Miyamoto Musashi  and General Press , 20 September 2019,4.4,"2,612  ",345,in Engineering & Technology
Best of Children’s Classics (Set of 5 Books): Perfect Gift Set for Kids,/Best-Childrens-Classics-Set-Books/dp/9389432006,,"by Antoine de Saint-Exupéry, J.M. Barrie, et al. ", 1 August 2019,4.4,"5,547  ",850,in Children's Mysteries & Curiosities
The Beginner's Guide To Intermittent Fasting: A practical handbook for understanding and implementing the most popular fasting protocols.,/Beginners-Guide-Intermittent-Fasting-understanding-ebook/dp/B0BR2XPWVM,,by Marilyne Renner  , 24 December 2022,,,0,
The Bird with Golden Wings: Stories of Wit and Magic,/Bird-Golden-Wings-Stories-Magic/dp/0143334255,,by Sudha Murty , 27 January 2016,4.7,"2,956  ",199,
"Crowd Clicks® Kid's Magic Water Coloring Books Unlimited Fun with Drawing Reusable Water-Reveal Activity Pad, Chunky-Size Water Pen for Kids - Random Design [4 Books|4 pens]",/Coloring-Unlimited-Reusable-Water-Reveal-Chunky-Size/dp/B0B4HFM8TV,,by Hriman , 1 January 2022,4.1,19  ,999,
Dress Me Up Reusable Sticker Book,/Dress-Me-Reusable-Sticker-Book/dp/9354405436,,by Wonder House Books , 28 February 2022,,,364,
EKALAVYA YEAR BOOK 2023 CURRENT AFFAIRS WITH GENERAL STUDIES RAPID REVISION TELUGU MEDIUM BOOK,/EKALAVYA-CURRENT-AFFAIRS-GENERAL-REVISION/dp/B0BQF5H7X6,Telugu Edition , by Ekalavya Publications and Adari Arjuna , 16 December 2022,5.0,2  ,189,
"The Magic of the Lost Temple: Illustrated, easy to read and much-loved first full length children’s fiction novel by Sudha Murty for ages 8–12: ... fiction novel by Sudha Murty for ages 8–12",/Magic-Lost-Temple-Sudha-Murty/dp/014333316X,,by Sudha Murty , 11 November 2015,4.6,"7,471  ",250,
"Brain Booster Activity Book Set (Set of 10 books) (Colourful Pages) - 3 Years to 5 Years Old - Learn and Practice ABC Capital and Small Letters, Mazes, Spot the Difference, Pencil Control, Dot to Dot, Mathematics - Fun Early Learning",/Brain-Booster-Activity-Book-books/dp/9391924190,,by Maple Press , 1 December 2021,4.2,146  ,400,
101 Witty Stories of Akbar and Birbal - Collection of Humorous Stories For Kids,/101-Witty-Stories-Akbar-Birbal/dp/9390391709,,by Wonder House Books  , 1 January 2020,4.6,"1,162  ",599,
Mandala: Colouring books for Adults with tear out sheets,/Mandala-Colouring-Books-Adults-Sheets/dp/938653861X,,by Wonder House Books  , 1 January 2018,4.5,"3,785  ",249,
My First Animal Sticker Book: Exciting Sticker Book With 100 Stickers,/My-First-Animal-Sticker-Book/dp/9388144945,,by Wonder House Books  , 25 November 2018,4.4,"1,390  ",229,
Shlokas and Mantras For Kids - Illustrated Padded Board Book - Learn About India's Rich Culture and Tradition In Three Languages,/Shlokas-Mantras-Kids-Illustrated-Tradition/dp/9354405169,,by Wonder House Books  , 31 August 2022,5.0,2  ,299,
The Beginner's Guide To Intermittent Fasting: A practical handbook for understanding and implementing the most popular fasting protocols.,/Beginners-Guide-Intermittent-Fasting-understanding-ebook/dp/B0BR2XPWVM,,by Marilyne Renner  , 24 December 2022,,,0,
Dar / डर (उद्धार मौन के) By Acharya Prashant,/Dar-%E0%A4%89%E0%A4%A6%E0%A5%8D%E0%A4%A7%E0%A4%BE%E0%A4%B0-%E0%A4%AE%E0%A5%8C%E0%A4%A8-Acharya-Prashant/dp/9392657404,Hindi Edition , by Acharya Prashant  , 1 January 2015,4.7,226  ,450,in Neuropsychology
Meri Pratham Hindi Sulekh Varnmala,/Meri-Pratham-Hindi-Sulekh-Varnmala/dp/938836936X,Hindi Edition , by Wonder House Books  , 20 April 2019,4.4,"2,349  ",175,
World’s Best Inspirational Books to Change Your Life (Box Set of 3 Books),/Worlds-Best-Inspirational-Books-Change/dp/819489882X,,"by Joseph Murphy Dale Carnegie, Napoleon Hill ", 1 November 2020,4.6,985  ,599,in Mysticism
108 Panchatantra Story Book for Kids (Hindi) (Illustrated) - Panchatantra Ki Kahaniyan,/108-Panchatantra-Stories-Hindi-Illustrated/dp/9391129064,Hindi Edition , by Maple Press  , 1 June 2021,4.4,599  ,160,
Shanti Publication Little Kids Story Books (Set of 16 books),/Little-Kids-Story-Books-Set/dp/B07XY97XSS,,by Shanti Publication , 1 January 2019,4.4,"1,861  ",480,
The Little Book of Good Things!,/Little-Book-Good-Things/dp/9394613145,,by Bhavya Doshi  , 14 November 2022,5.0,13  ,499,
KVS MASTER PRT TGT PGT | Bilingual Book | Rohit Vaidwan | Adhyayan Mantra,/MASTER-Bilingual-Vaidwan-Adhyayan-Mantra/dp/B0BJTWX8L4,Multilingual Edition , by Rohit Vaidwan , 19 November 2022,3.8,65  ,599,
My First 4 in 1 Alphabet Numbers Colours Shapes: Padded Board Books,/First-Alphabet-Numbers-Colours-Shapes/dp/9387779564,,by Wonder House Books  , 1 January 2018,4.3,"4,254  ",299,in Reading Skills
1001 Ultimate Brain Booster Activities for 3 to 6 Years Old Kids,/Ultimate-Brain-Booster-Activities-Years/dp/8131958248,,by Team Pegasus , 1 August 2021,4.5,147  ,495,
B.Ed. Guide Book for Gauhati University B.Ed. CET-2020,/B-Ed-Guide-Gauhati-University-CET-2020-ebook/dp/B08LZXY9KT,,by Kushal Saikia , 26 October 2020,4.4,10  ,0,
Fastrack Maths (Marathi),/Fastrack-Maths-Marathi-Satish-Vase/dp/8194076900,Marathi Edition , by Satish vase , 1 January 2022,4.5,97  ,520,
"Vidyarthi Jeevan, Padhai aur Mauj / विद्यार्थी जीवन, पढ़ाई, और मौज by Acharya Prashant",/Vidyarthi-Jeevan-%E0%A4%B5%E0%A4%BF%E0%A4%A6%E0%A5%8D%E0%A4%AF%E0%A4%BE%E0%A4%B0%E0%A5%8D%E0%A4%A5%E0%A5%80-Acharya-Prashant/dp/8194794544,Hindi Edition , by Acharya Prashant  , 1 January 2020,4.7,95  ,550,
Activity Book for Kids - Maths for Age 6+,/Activity-Book-Kids-Maths-Age/dp/9391924611,,by Maple Press , 1 October 2021,4.5,195  ,95,
Indian Economy for UPSC CSE by StudyIQ | Indian Economy Book UPSC Book Latest Edition 2022,/Indian-Economy-UPSC-StudyIQ-Latest/dp/B0B4GDF9RK,,by StudyIQ Publications , 17 June 2022,4.4,234  ,699,
My Little Book of Ganesha,/Little-Book-Ganesha-Illustrated-mythology/dp/0143453262,,by Penguin India , 9 August 2021,4.7,250  ,125,
"SHNMN Sank Magic Practice Copybook, (4 BOOK +1 PEN + 10 REFILL) Number Tracing Book for Preschoolers with Pen, Magic calligraphy books for kids Reusable Writing Tool",/Practice-Preschoolers-Calligraphy-Practical-Lettering/dp/B09HY85DF7,by SHNMN,4.5,233  ,699.0,,,
"Cambridge Ielts 16 Academic Student's Book With Answers: Authentic Examination Papers (Ielts Practice Tests) [paperback] Cambridge English [Jul 06, 2017]…",/Cambridge-Ielts-Academic-Students-Answers/dp/B0B12QYJT9,,by cambridge , 1 January 2020,4.4,130  ,250,
"My First Shaped Board book - Monkey, Die-Cut Animals, Picture Book for Children",/My-First-Shaped-Board-book-Die-Cut-Animals-Picture-Children/dp/9354404022,,by Wonder House Books , 15 December 2021,4.6,78  ,129,
SHIVAJI Maharaj CHARITRA book (Marathi Edition),/SHIVAJI-Maharaj-CHARITRA-book-Marathi-ebook/dp/B09RMXCCKD,Marathi Edition , by Mrunal  bhide , 31 January 2022,,,150,
SSC CGL Mains (TIER - II) Mathematics by RAJA SIR | 28 Sets (2010 to 2021/22) 2800 PYQs |Yearwise and Topicwise | Bilingual | Complete Solutions and Analytics,/SSC-CGL-Mains-TIER-Mathematics/dp/B0BPSQX6P4,,by Raja Sir , 9 December 2022,4.9,30  ,499,
"My Little Book of Krishna: Illustrated board books on Hindu mythology, Indian gods & goddesses for kids age 3+; A Puffin Original.",/Little-Book-Krishna-Illustrated-mythology/dp/0143453246,,"by Penguin India, Ashwitha Jayakumar , et al. ", 9 August 2021,4.7,248  ,125,
Kindergarten Maths Assignment Book for Children Age 2- 5 Years | Early Learning Books,/Kindergarten-Maths-Assignment-Dreamland-Publications/dp/9350899558,,by NA , 1 January 2019,4.5,318  ,250,
Activity Book : My First Pencil Control Activity Book- Practice Pattern writing for kids,/Control-Activity-Practice-Pattern-writing/dp/9353762596,,by Anjie Chatt , 20 January 2022,4.4,148  ,140,
Brilliant Brain Activity Book 3+,/Brilliant-Brain-Activity-Book-3/dp/9389281016,,by Dreamland Publications  , 19 October 2019,4.5,"3,571  ",250,
PHYSICS WALLAH Aspire for JEE | Full Course (Main and Advance) Study Material for Class 11 | Complete 9 Books Set PCM Study Material (JEE 2023 Edition),/PHYSICS-WALLAH-Advance-Material-Complete/dp/8195546935,,by PW , 28 February 2022,4.4,235  ,"2,549",
"Indian Polity for UPSC (1st Edition) by Study IQ | Indian Polity Book for UPSC CSE, State PCS & Other Govt. Exams",/Indian-Polity-Study-State-Other/dp/B0BGH1F7Q6,,by StudyIQ Publications , 25 September 2022,4.4,79  ,849,
My First Shaped Board Book: Illustrated Lord Shiva Hindu Mythology Picture Book for Kids Age 2+ (Indian Gods and Goddesses),/First-Shaped-Board-Book-Illustrated/dp/9354401597,,,,4.5,31  ,125,
"Garbha Sanskar Book ""Garbhavastha 90"" World's First book explaining and practicalizing 90 spiritual and psychological activities during/before pregnancy. (G90_GUJARATI)",/Garbhavastha-explaining-practicalizing-psychological-G90_GUJARATI/dp/B0BDL5RHL1,Gujarati Edition ," by Ashish A Bhalani, Virendra V Vaishnav, et al. ", 3 June 2022,5.0,3  ,"2,999",
SSC CGL Tier 2 Computer Knowledge Book Hindi Medium,/Tier-Computer-Knowledge-Hindi-Medium/dp/B0BP77LJG4,Hindi Edition , by Pinnacle Publications , 5 December 2022,,,460,
Zen Sangam Mandala Young Adults Colouring Book : Experts (Level 5),/Sangam-Mandala-Young-Adults-Colouring/dp/B07VHS6FRC,,,,4.4,"1,377  ",200,
ROOT WORD BOOK Word Power,/Word-Power-Manisha-Bansal/dp/B07C4ZQ7FT,,by Manisha Bansal , 14 October 2018,4.3,"1,144  ",350,in Uttar Pradesh (UPSSC)
"One Day, Life Will Change: A story of love and inspiration to win life when it hits you hard . . .",/One-Day-Life-Will-Change/dp/9389717841,,by Saranya Umakanthan  , 1 March 2020,4.4,"2,074  ",199,in Reincarnation
"Panchatantra Story (Hindi) (Set of 5 Books) - Colourful Story Books for Kids - Animal tales from Ancient India - The Turtle and the Swan, The Monkey ... The Friendly Rats, The Pigeons and the Rats",/Panchatantra-Story-Hindi-Set-Books/dp/9390292549,Hindi Edition , by Maple Press  , 1 January 2020,4.4,208  ,275,
Copy Colour - Fruits,/Copy-Colour-Fruits-Books/dp/1730174841,,by Dreamland Publications , 1 January 2011,4.3,"3,434  ",80,
Textbook of Biochemistry for Medical Students,/Textbook-Biochemistry-Medical-Students-Vasudevan/dp/935465648X,,"by DM Vasudevan, Sreekumari S, et al. ", 31 October 2022,4.8,11  ,"1,695",in Biochemistry
Dinosaur World - Lift The Flap Book with Bright and Colourful Pictures- Early Learning Book for Children Age 3-6 Years,/Dinosaur-World-Colourful-Pictures-Learning/dp/8195163211,,by Dreamland Publications , 10 August 2021,4.5,260  ,200,
Cambridge IELTS 15 Academic Student's Book with Answers with Audio with Resource Bank: Authentic Practice Tests (IELTS Practice Tests) NEW EDITION,/Cambridge-Academic-Students-Answers-Resource/dp/B09PZ1XVVN,,,,4.3,61  ,555,
"The Greatest Self-Help Book (is the one written by you): A Journal: A Daily Journal for Gratitude, Happiness, Reflection and Self-Love",/Greatest-Self-Help-Book-one-written/dp/1035005204,,"by Vex King , Kaushal , et al. ", 8 December 2022,4.5,43  ,750,in Creativity
"3H Learning 288 Page English Cursive Writing Practice All-in-One Levels 1, 2 & 3 Combo Books / Legible everyday Handwriting Practice thru’ Pencil Control Improvement for Early Learners Aged 3-10 Years",/PractiZ-All-One-Kindergarten-Learning-2018/dp/B07288C9MC,,by 3H Learning , 1 January 2018,4.4,609  ,375,
"My First Shaped Board Book - Dog, Die-Cut Animals, Picture Book for Children",/My-First-Shaped-Board-Book-Die-Cut-Animals-Picture-Children/dp/935440393X,,by Wonder House Books , 15 December 2021,4.8,40  ,125,
"Master English Intonation Like A Pro: The 20 Complete Intonation and Stress Lessons, Rules And Guides With Clear Explanations So You Can Speak English ... and Intonation Like A Pro Book 2)",/Master-English-Intonation-Like-Pro-ebook/dp/B0BR88SK5V,,"by Matthew  Roberts  , Anna  Brown , et al. ", 27 December 2022,,,0,
"DPISZONE Sank Magic Practice Copybook, (4 BOOK + 10 REFILL) Number Tracing Book for Preschoolers with Pen, Magic Calligraphy Copybook Set Practical Reusable Writing Tool Simple Hand Lettering",/DPISZONE-Preschoolers-Calligraphy-Practical-Lettering/dp/B09RPHY94T,,by RAVIRANDAL , 1 January 2022,4.3,657  ,999,
"Greatest Ever Books on Self Development and Wealth Creation: A collection of 4 motivational masterpieces [Original Edition (Complete), PREMIUM PAPERBACK] ",/Greatest-Books-Development-Wealth-Creation/dp/9355201281,,"by Dale Carnegie, Joseph Murphy, et al. ", 5 November 2021,4.2,88  ,595,
"Early Learning My First Picture Book - 5 set Pack - birds, wild animals, fruits, vegetables, farm & pet animals",/Early-Learning-First-Picture-Book/dp/B09YTRKK2Z,,by Future Intelligence Books , 1 January 2022,4.6,87  ,400,
KADEN Magic Practice Copy Books Set of 4 Magic Writing & Drawing Books Kit Calligraphy Books for kids Alphabets for Kids Learning Handwriting Practice Copybook for Kids With Pen set for Workbook,/Practice-Calligraphy-Alphabets-Learning-Handwriting/dp/B09YYBSCB9,,by KADEN , 26 April 2022,4.0,78  ,299,
COMBO : Intraday Trading Hindi Book + Technical Analysis Candlesticks Hindi Book,/COMBO-Intraday-Technical-Analysis-Candlesticks/dp/B08F2RFDVJ,Hindi Edition ," by Jitendra Gala Ankit Gala, Ravi Patel ", 1 January 2020,3.7,89  ,500,
The Simplest Book For Technical Analysis | Stock Market | Mukul Agrawal,/Simplest-Technical-Analysis-Market-Agrawal/dp/9394200495,,by Mukul Agrawal  , 22 October 2022,3.9,260  ,299,
"Master English Intonation Like A Pro: The 20 Complete Intonation and Stress Lessons, Rules And Guides With Clear Explanations So You Can Speak English ... and Intonation Like A Pro Book 2)",/Master-English-Intonation-Like-Pro-ebook/dp/B0BR88SK5V,,"by Matthew  Roberts  , Anna  Brown , et al. ", 27 December 2022,,,0,
My First Padded Board Books of Times Table: Multiplication Tables From 1 - 20,/First-Padded-Board-Books-Times/dp/9388144244,,by Wonder House Books , 20 July 2018,4.6,"1,027  ",299,
Chakshu KVS Primary Teacher (PRT) Bharti Pariksha 2023 Complete Study Guide Book,/Chakshu-Primary-Teacher-Pariksha-Complete/dp/B0BQ3GZHRG,Hindi Edition , by SRR Publication , 1 January 2022,,,499,
"How the Earth Got Its Beauty: Puffin Chapter Book: Gorgeous new full colour, illustrated chapter book for young readers from ages 5 and up by Sudha Murty",/How-Earth-Got-Its-Beauty/dp/0143447068,,by Sudha Murty , 9 August 2021,4.6,984  ,199,
Sampurna Garbhasanskar : Garbhasanskar Book in Marathi,/Sampurna-Garbhasanskar-Marathi-Shalaka-Hmpras/dp/8177866036,Marathi Edition , by Shalaka Hampras and Pratibha Hamras , 1 January 2017,4.2,377  ,200,
365 Maths Activity Book For Kids: Age 5+,/365-Maths-Activity-Book-Kids/dp/9354403034,,by Wonder House Books , 28 February 2022,4.6,114  ,299,
Madhya Pradesh Samooh 2 Upsamooh 4 Patwari Sayukt Bharti Pariksha 2023,/Madhya-Pradesh-Upsamooh-Patwari-Pariksha/dp/9327198026,Hindi Edition , by Arihant Experts , 9 January 2023,,,455,
582 Jumbo Police Bharti Prashnapatrika Sanch The Smart Book One Stop Solution,/Jumbo-Police-Bharti-Prashnapatrika-Solution/dp/B0BG2V2Z91,Marathi Edition , by Siddheshwar Hadbe , 20 September 2022,3.5,2  ,620,
Vedic Mathematics Book Set (Set of 4) | Vedic Maths Books for Beginners |Vedic Maths Book for Kids,/Vedic-Mathematics-Book-Set/dp/B01MXGTP6V,,by Dipti Modi , 1 January 2016,4.1,341  ,396,
108 Panchatantra Stories (Illustrated) for children,/108-Panchatantra-Stories-Illustrated-children/dp/9390292921,,by Maple Press  , 1 September 2020,4.4,"2,766  ",160,in Short Stories
"1001 Activities Book for Kids for Age 4+ with Exciting Activities of Word Searches, Puzzles, Dot-to-Dots, Mazes and Colouring",/1001-Activities-Book-Dreamland-Publications/dp/9350897245,,by Dreamland Publications , 1 January 2021,4.4,"8,440  ",450,
"Think Straight: Change Your Thoughts, Change Your Life",/Think-Straight-Change-your-thoughts/dp/0143452134,,by Darius Foroux  , 26 October 2020,4.3,"4,843  ",199,
The Secret Garden,/Secret-Garden-Frances-Hodgson-Burnett-ebook/dp/B0BPCHQ1P3,,by Frances Hodgson Burnett  , 30 December 2022,4.3,"12,254  ",32,
"Story Book for Kids (Set of 10 Books) (Hindi) - Aesop's Fables - Moral Stories - Bedtime Stories - 3 Years to 10 Years old - English Short Stories for Kids - Read Aloud to Infants, Toddlers",/Story-Book-Kids-Books-Hindi/dp/9394668675,,by Maple Press  , 30 August 2022,5.0,1  ,350,
Modern Indian History UPSC Civil Services Exam | Modern Indian History Book (English 1st Edition) for State PCS Exams By StudyIQ Publications,/History-Services-English-StudyIQ-Publications/dp/B0BLYQ11ZB,,by StudyIQ Publications , 9 November 2022,4.4,29  ,699,
Under the Ocean - Lift The Flap Book with Bright and Colourful Pictures- Early Learning Book for Children Age 3-6 Years,/Under-Ocean-Colourful-Pictures-Learning/dp/819516322X,,by Dreamland Publications  , 10 August 2021,4.6,361  ,200,
The Richest Man in Babylon,/Richest-Man-Babylon-George-Clason/dp/9388144317,,by George S. Clason  , 1 August 2018,4.5,"33,278  ",149,in Urban & Regional
Colouring Books Super Boxset: Pack of 6 Crayon Copy Colour Books for Kids,/Colouring-Books-Creative-Crayons-Super/dp/9387779815,,by Wonder House Books  , 1 January 2018,4.4,"1,551  ",299,
"Writing Practice Books for Kids | 3 to 5 Years Old Children | Learn and Practice ABC Capital Letters, Small Letters, Number 1-100, Pattern Writing (Set of 4 Books) - LKG",/Writing-Children-Practice-Capital-Letters/dp/9391129889,,by Maple Press  , 1 July 2021,4.4,534  ,295,
Mission CHO 2.0 Book /Community Health Officer Guide/Best book for CHO Exams/Staff Nurse Book/Coloured HINDI 2022,/Mission-Community-Health-Officer-Coloured/dp/B0BLHLPBH7,Hindi Edition , by ML SAINI and LR SOLANKI , 1 January 2022,5.0,3  ,675,
Christmas Activity Book For Children - Festive Fun,/Christmas-Activity-Book-Children-Festive/dp/935440619X,,by Wonder House Books , 1 December 2022,5.0,2  ,899,
All set to Read-A Phonic Reader-Level 1- PHONICS READERS- 6 books in a Box: Box set,/PHONIC-READER-LEVEL-1/dp/9384625760,,by Om Books Editorial Team  , 1 January 2016,4.5,"2,330  ",750,in Readers
BRAIN GAMES FOR CLEVER KIDS,/Brain-Games-Clever-Kids-Buster/dp/1780552491,,by Gareth Moore , 12 October 2016,4.3,"9,538  ",295,
"108 Ramayana Stories for Children (Illustrated) - Story Book for Kids -  Epic of India - Bedtime Stories - 4 Years to 10 Years Old - English Short Stories for Children -  Read Aloud to Infants, Toddlers",/Ramayana-Stories-Children-Illustrated-Story/dp/9391924980,,by Maple Press  , 9 June 2022,4.2,28  ,150,
Unusual Tales from indian Mythology: Sudha Murty’s bestselling series of Unusual Tales from Indian Mythology| 5 books in 1 boxset,/Unusual-Tales-Indian-Mythology-bestselling/dp/0143458000,,by Sudha Murty , 16 May 2022,4.7,46  ,"1,099",
SSC CGL 2020 tier-1 maths : ASPIRANT,/SSC-CGL-2020-tier-1-maths-ebook/dp/B09J2TFB9H,,by Sanjay Sharma , 8 October 2021,5.0,4  ,0,
Chakshu MP Patwari (Karyapalik) Bharti Pariksha Exam 2023 Complete Study Guide Book With Solved Papers,/Chakshu-Patwari-Karyapalik-Pariksha-Complete/dp/B0BNLB8Y8Y,Hindi Edition , by SRR Publication , 1 January 2022,3.0,2  ,499,
SHIKSHAK ABHIYOGYATA,/SHIKSHAK-ABHIYOGYATA-AJAY-PATEL/dp/B0B973YQ7Y,Gujarati Edition ," by AJAY PATEL, SANJAY PAGHDAL, et al. ", 9 August 2022,4.5,96  ,350,in Gujarat Public Service Commission (GPSC)
"Rays Of Ink Motivational Quote Coloring Book for Adults | Ideal For Stress Relieving, Relaxing & Meditation | 120 GSM Thick Paper (ROI - 001)",/Motivational-Coloring-Relieving-Relaxing-Meditation/dp/B09J1N44Y3,,by Rays Of Ink , 1 January 2021,4.5,129  ,299,
You Only Live Once: One for Passion Two for Love Three for Friendship,/You-Only-Live-Once-Friendship/dp/0143453580,,by Stuti Changle  , 31 January 2021,4.4,"3,027  ",250,
Dastavez(Love Letters of Amrita -Imroz),/Dastavez-Love-Letters-Amrita-Imroz/dp/8180590682,Hindi Edition , by Ed Imroz , 1 January 2012,4.5,212  ,300,
"Warren Buffett Yanche Guntavanuk Mantra Book; Intelligent Investment of money Books in Marathi, वॉरन बफे मराठी पुस्तक, वॉरेन, Investor Psychology",/Warren-Buffett-Guntavanuk-Investment-Marathi/dp/9352203429,Marathi Edition , by Pradeep Thakur and Sudhir Rashingkar , 15 December 2021,4.5,112  ,220,
"Indian Polity for UPSC (1st Edition) by Study IQ | Indian Polity Book for UPSC CSE, State PCS & Other Govt. Exams",/Indian-Polity-Study-State-Other/dp/B0BGH1F7Q6,,by StudyIQ Publications , 25 September 2022,4.4,79  ,849,
My First Shaped Board Book: Illustrated Lord Shiva Hindu Mythology Picture Book for Kids Age 2+ (Indian Gods and Goddesses),/First-Shaped-Board-Book-Illustrated/dp/9354401597,,,,4.5,31  ,125,
Angel's 6666 English MCQs Book,/Angels-6666-English-MCQs-Book/dp/B0925HN1C8,,by Pro. Kishan Rathod , 1 January 2021,4.3,33  ,620,
"Garbha Sanskar Book ""Garbhavastha 90"" World's First book explaining and practicalizing 90 spiritual and psychological activities during/before pregnancy. (G90_GUJARATI)",/Garbhavastha-explaining-practicalizing-psychological-G90_GUJARATI/dp/B0BDL5RHL1,Gujarati Edition ," by Ashish A Bhalani, Virendra V Vaishnav, et al. ", 3 June 2022,5.0,3  ,"2,999",
SSC CGL Tier 2 Computer Knowledge Book Hindi Medium,/Tier-Computer-Knowledge-Hindi-Medium/dp/B0BP77LJG4,Hindi Edition , by Pinnacle Publications , 5 December 2022,,,460,
Zen Sangam Mandala Young Adults Colouring Book : Experts (Level 5),/Sangam-Mandala-Young-Adults-Colouring/dp/B07VHS6FRC,,,,4.4,"1,377  ",200,
ROOT WORD BOOK Word Power,/Word-Power-Manisha-Bansal/dp/B07C4ZQ7FT,,by Manisha Bansal , 14 October 2018,4.3,"1,144  ",350,in Uttar Pradesh (UPSSC)
"One Day, Life Will Change: A story of love and inspiration to win life when it hits you hard . . .",/One-Day-Life-Will-Change/dp/9389717841,,by Saranya Umakanthan  , 1 March 2020,4.4,"2,074  ",199,in Reincarnation
"Panchatantra Story (Hindi) (Set of 5 Books) - Colourful Story Books for Kids - Animal tales from Ancient India - The Turtle and the Swan, The Monkey ... The Friendly Rats, The Pigeons and the Rats",/Panchatantra-Story-Hindi-Set-Books/dp/9390292549,Hindi Edition , by Maple Press  , 1 January 2020,4.4,208  ,275,
Copy Colour - Fruits,/Copy-Colour-Fruits-Books/dp/1730174841,,by Dreamland Publications , 1 January 2011,4.3,"3,434  ",80,
I Am Born To Be A Unicorn Coloring book - Giant book Series: Jumbo Sized Colouring Book For Children,/Born-Unicorn-Coloring-book-Colouring/dp/9390183588,,by Wonder House Books  , 1 January 2020,4.5,730  ,199,
"Nature, Garden and Forest: Colouring Books for Adults with Tear Out Sheets (Adult Colouring Book)",/Nature-Garden-Forest-Colouring-Adults/dp/938653858X,,by Wonder House Books  , 1 January 2018,4.5,"1,992  ",250,in Gardening Encyclopedias
Practice Sets Book for SSC CGL Tier 2 | Based on New Pattern | Full-length Practice Sets with detailed Solutions | Oliveboard,/Practice-Full-length-detailed-Solutions-Oliveboard/dp/B0BJTY5RN2,,by Oliveboard , 19 October 2022,3.7,7  ,899,
"Hindi Sulekh Writing Books (Set of 4 Books) - Practice Words and Sentences (Maatra Gyan, Sayukt Akshar Gyan, Shabd Gyan, Vaakya Gyan)",/Hindi-Sulekh-Set-Workbooks-Maatra/dp/9391924107,Hindi Edition , by Maple Press , 1 December 2021,4.1,45  ,310,
Law Fighter General Knowledge Minor Act for Uppcs J Pre Exam Book Tips and Mcq in English,/Fighter-General-Knowledge-Minor-English/dp/B0BR4BZP2M,,by A.N.Singh , 1 January 2022,,,150,
CSR (Competiton Success Review) Year Book 2023,/Competiton-Success-Review-Year-Book/dp/938417582X,,by Competiton Success Review , 1 January 2022,,,425,
Word Search Activity Book for Kids,/Word-Search-Activity-Book-Kids/dp/9391924379,,by Maple Press , 1 October 2021,4.6,94  ,125,
"International English Olympiad (IEO) Work Book for Class 3 - MCQs, Previous Years Solved Paper and Achievers Section - Olympiad Books For 2022-2023 Exam",/International-English-Olympiad-Work-Class/dp/9355551983,,by ZARRIN ALI KHAN , 5 April 2022,4.4,134  ,99,
Moral Story Books for Kids in Hindi (Pack of 10 Books) | 160 Total Pages | Big Colourful Pictures,/Moral-Story-Books-Colourful-Pictures/dp/B09X5VFL58,Hindi Edition , by Shanti , 1 January 2012,5.0,1  ,300,
Majestic Animals: Colouring books for Adults with tear out sheets,/Majestic-Animals-Colouring-Adults-Sheets/dp/9386538598,,by Wonder House Books  , 1 January 2018,4.6,"1,335  ",249,
"National Science Olympiad (NSO) Work Book for Class 3 - Quick Recap, MCQs, Previous Years Solved Paper and Achievers Section - Olympiad Books For 2022-2023 Exam",/National-Science-Olympiad-Work-Class/dp/935555219X,,by ANIL AHLAWAT , 5 April 2022,4.4,138  ,99,
365 Colouring Book for Kids - Painting and Drawing,/365-Colouring-Book-Kids-Painting/dp/8195041280,,by Converge Kids , 1 January 2021,4.6,211  ,345,
"Sapno Ke Pankh – Choti Si Asha Short Hindi Bedtime Moral Story Books for 3-10 Years Old Children with Activity,Coloring Games - Sonalika Publications",/Sapno-Ke-Pankh-Children-Publications/dp/8195526993,Hindi Edition ," by Surbhi Mittal, Abhay Sahare, et al. ", 1 January 2022,3.9,9  ,150,
Seek And Find - Home : Early Learning Board Books With Tabs,/Seek-Find-Early-Learning-Board/dp/9389432383,,by Wonder House Books  , 1 January 2019,4.5,791  ,299,
Makadjaal: Tilism Social Media Ka (Hindi Edition),/Makadjaal-Tilism-Social-Media-Hindi-ebook/dp/B0BRCKRRP5,Hindi Edition , by Dr. Manish  Shrivastava , 29 December 2022,5.0,1  ,0,
Be Your Own Sunshine: Towards a Better Tomorrow | Collection of 4 Bestselling works by James Allen,/Your-Own-Sunshine-James-Allen/dp/9387022854,,by James Allen  , 10 February 2020,4.3,"2,187  ",175,in Emotional Self Help
Rescue Book (રેસ્ક્યુ બુક) - Dr. Nimitt Oza,/Rescue-Book-%E0%AA%B0%E0%AB%87%E0%AA%B8%E0%AB%8D%E0%AA%95%E0%AB%8D%E0%AA%AF%E0%AB%81-%E0%AA%AC%E0%AB%81%E0%AA%95-Nimitt/dp/9392592361,,by Dr. Nimitt Oza , 31 October 2022,4.6,3  ,300,
Doodle Coloring For Kids - Pink Edition,/Doodle-Coloring-Girls-Books/dp/9389432693,,by Wonder House Books  , 20 August 2019,4.5,"2,202  ",125,
"Rays Of Ink Mandala Coloring Book For Adults | Ideal For Stress Relieving, Relaxing & Meditation | 120 GSM Thick Paper",/Mandala-Coloring-Relieving-Relaxing-Meditation/dp/B09C2NSYVT,,by Rays Of Ink , 1 January 2021,4.4,113  ,299,
इंग्रजी व्याकरण व शब्द संग्रह (English grammar by Sachin Jadhavar),/%E0%A4%87%E0%A4%82%E0%A4%97%E0%A5%8D%E0%A4%B0%E0%A4%9C%E0%A5%80-%E0%A4%B5%E0%A5%8D%E0%A4%AF%E0%A4%BE%E0%A4%95%E0%A4%B0%E0%A4%A3-English-grammar-Jadhavar/dp/8194938325,Marathi Edition , by Sachin Jadhavar (STI) , 30 September 2022,4.3,205  ,510,
Ride A Unicorn and Chase The Rainbow - Sticker Coloring Book With 100+ Stickers: Fun Activity Book For Children,/Ride-Unicorn-Chase-Rainbow-Coloring/dp/9390183618,,by Wonder House Books  , 1 January 2020,4.5,311  ,225,
"Bestseller Amish Tripathi - (Perfect Paperback) War of Lanka, Book 4",/Bestseller-Amish-Tripathi-Perfect-Paperback/dp/B0BPR59RMM,Scandinavian Edition , by Amish Tripathi , 1 January 2022,,,499,
Stem Activity Book - Maths,/STEM-Activity-Book-Dreamland-Publications/dp/938717798X,,by Dreamland Publications , 1 February 2019,4.3,357  ,180,
Brilliant Brain Activity Book 6+,/Brilliant-Brain-Activity-Book-6/dp/9389281040,,by Dreamland Publications  , 1 January 2020,4.5,"1,064  ",250,
அவனுக்கு அவள் அழகே (Tamil Edition),/%E0%AE%85%E0%AE%B5%E0%AE%A9%E0%AF%81%E0%AE%95%E0%AF%8D%E0%AE%95%E0%AF%81-%E0%AE%85%E0%AE%B5%E0%AE%B3%E0%AF%8D-%E0%AE%85%E0%AE%B4%E0%AE%95%E0%AF%87-Tamil-%E0%AE%87%E0%AE%B5%E0%AE%B3%E0%AF%8D-ebook/dp/B0BR1BZBZJ,Tamil Edition , by இவள் நிலா  , 23 December 2022,4.7,8  ,0,
"ramayan book in hindi geeta press gorakhpur Pack of 1 , ramcharitmanas geeta press gorakhpur hindi by Tulsidas with hindi meaning , Tulsidas Krit Ramcharitmanas,Code-81,(Hardcover, Hindi, Pack of 1",/gorakhpur-ramcharitmanas-Tulsidas-Ramcharitmanas-Hardcover/dp/B09BD6P7M3,Hindi Edition , by Gita Press Gorakhpur , 1 January 2021,4.7,197  ,380,
101 Pencil Control Activity Book For Kids: Tracing Practise Book Age 2+,/Pencil-Control-Activity-Book-Kids/dp/9354405118,,by Wonder House Books , 28 February 2022,4.5,88  ,250,
Fashion- Colouring Book for Adults: Adult Colouring Book for Peace & Relaxation,/Fashion-Adult-Colouring-Peace-Relaxation/dp/9386671999,,by Dreamland Publications , 1 January 2021,4.5,"1,070  ",160,
"ZOQWEID Magic Practice Copybook, (4 BOOK + 2 pen + 10 REFILL) Number Tracing Book for Preschoolers with Pen, Magic Calligraphy Copybook Set Practical Reusable Writing Tool (SIZE- 19*13 CM)",/Practice-Copybook-Preschoolers-Calligraphy-Practical/dp/B095SRNMF4,,by ZOQWEID , 8 August 2022,4.3,"1,517  ",699,
The Big Four: A Hercule Poirot Mystery (Hercule Poirot series Book 5),/Big-Four-Hercule-Poirot-Mystery-ebook/dp/B0BP8GB2CQ,,by Agatha Christie  , 1 January 2023,4.3,"1,910  ",349,
Shiksha aur Netratva par Drishtikon for KVS CHAMP PRT/ TGT/ PGT Teachers Recruitment Exam (Bilingual Hindi Edition) | Perspective on Education and Leadership Hindi Edition | Part III |,/Drishtikon-Recruitment-Bilingual-Perspective-Leadership/dp/9395985666,,by Deepak Himanshu , 23 December 2022,,,260,
Apke Avchetan Man Ki Shakti (The Power of your Subconscious Mind in Hindi),/Avchetan-Shakti-Power-Subconscious-Hindi/dp/8175993669,Hindi Edition , by Joseph Murphy  , 1 December 2017,4.4,"11,920  ",150,
SCHOLASTIC INDIA YEAR BOOK 2023,/SCHOLASTIC-INDIA-YEAR-BOOK-2023/dp/9354714080,,"by Various and Charbak Dipta and Bajrang Munda Priya Kuriyan, Deepali Masand ", 13 October 2022,4.8,6  ,350,
SNEHAM KAMAM BHRANTHU,/SNEHAM-KAMAM-BHRANTHU-JOSEPH-ANNAMKUTTY/dp/B0BPSY5J8T,Malayalam Edition , by JOSEPH ANNAMKUTTY JOSE , 11 December 2022,3.0,2  ,350,
SSC Maths 6800 TCS MCQ Chapter wise Hindi medium 3rd edition,/Maths-6800-Chapter-Hindi-medium/dp/B0B97W8YDL,Hindi Edition , by Pinnacle Publications , 14 August 2022,3.9,82  ,720,
"My First Fun Activity Boxset of 4 Books: Spot the Difference, Mazes, Word Search & Dot to Dot",/My-First-Fun-Activity-Boxset/dp/9389717558,,by Wonder House Books  , 1 January 2020,4.5,713  ,549,
SERENE - Art for Relaxing | Colouring book for adults | Adult colouring book with positive affirmations for peace & relaxation | Anti-stress therapy for busy people | Refreshing mindfulness mandala art,/SERENE-affirmations-relaxation-Anti-stress-mindfulness/dp/B0BBN9NQMX,,by Asit Bhaskar Satm , 1 January 2022,,,486,
"Writing Practice Books for Kids (Set of 4 Books) - Learn and Practice - Pattern Writing, Numbers 1-20, ABC Capital Letters, Small Letters - 3 Years to 5 Years Old Children - LKG",/Writing-Books-Kids-Set-Practice/dp/9391924344,,by Maple Press , 1 December 2021,4.3,213  ,200,
How Animals Make Sound - French English Bilingual Book For Kids: A Cute Short Storybook About Fun Animal,/How-Animals-Make-Sound-Bilingual-ebook/dp/B0BQWTTT43,,by ModernKids LearningPress  , 21 December 2022,,,0,
Magic,/Magic-Rhonda-Byrne/dp/1849838399,,by Rhonda Byrne  , 1 January 2012,4.6,"14,784  ",499,
Navneet scholarship exam book 1 std 8 high school scholarship std 8 class viii maharashtra board,/Navneet-scholarship-school-class-maharashtra/dp/B09K6B6WSQ,,by navneet , 1 January 2022,,,,
Speed Writing In Improved Handwriting - Cursive writing - Book B (For Age 9+ Years) - Cursive handwriting practice book,/Speed-Writing-Improved-Handwriting-handwriting/dp/B07BY3S3BR,1 January 2018,4.3,853  ,265.0,,,
TSPSC Group IV General Studies And Secretarial Ability Both Paper I And II Set Of 3 Books ( English MEDIUM YES & YES TEAM OF EXPERTS),/General-Studies-Secretarial-Ability-English/dp/B0BQJWDYRD,,by YES & YES TEAM OF EXPERTS , 1 January 2022,,,999,
TSPSC GROUP IV EXAMS GENERAL STUDIES SET OF 4 BOOKS,/TSPSC-GROUP-EXAMS-GENERAL-STUDIES/dp/B0BPGTBJ66,,by WINNERS EXPERT , 1 January 2022,3.0,2  ,999,
101 Sight Words And Sentence (With 400+ Sentences To Read): Activity Book For Children,/Sight-Words-Sentence-Sentences-Read/dp/9354402879,,by Wonder House Books , 12 August 2021,4.3,211  ,250,
365 Maths Activity Book for Age 6+,/365-Maths-Activity-Dreamland-Publications/dp/9350891212,,by Dreamland Publications , 1 January 2017,4.5,"3,737  ",250,
Learn with Adi Children Book | Morning to Evening Conversation | English Connection,/Children-Morning-Evening-Conversation-Connection/dp/9394200258,,by Adwita Keshari , 18 July 2022,3.9,711  ,199,
"Master English Pronunciation Like A Pro: The 32 Complete Pronunciation Lessons, Rules And Guides With Clear Explanations So You Can Speak English Like ... and Intonation Like A Pro Book 1)",/Master-English-Pronunciation-Like-Pro-ebook/dp/B0BR2G8RQY,,"by Matthew  Roberts  , Anna  Brown , et al. ", 24 December 2022,4.8,15  ,0,
class 2 grade 2 Mathematics practice workbook| cbse/icse book|question papers| mental math |mixed word problems|dodging of tables|chapterwise worksheets|textbook by mathsninjas bookland,/Mathematics-practice-chapterwise-worksheets-mathsninjas/dp/B0992JZKH2,,by Meenakkshi , 1 January 2021,4.6,57  ,600,in Workbooks
Attitude Is Everything: Change Your Attitude ... Change Your Life!,/Attitude-Everything-Change-Your-Life/dp/9351772071,French Edition , by Jeff Keller  , 15 May 2015,4.5,"21,107  ",225,
